customer_id,acquisition_source,total_revenue_to_date,months_active,avg_monthly_revenue,support_tickets_count,feature_usage_score,last_login_days_ago,referrals_made,churn_risk_score
1000,HubSpot,1718,7,245.43,2,10,5,3,9
1001,HubSpot,644,10,64.4,2,3,25,3,1
1002,HubSpot,915,2,457.5,1,3,14,3,8
1003,HubSpot,572,2,286.0,1,4,11,3,9
1004,HubSpot,696,9,77.33,3,3,27,1,8
1005,HubSpot,1971,9,219.0,2,6,15,1,2
1006,HubSpot,791,12,65.92,4,5,10,0,4
1007,HubSpot,1168,2,584.0,3,6,1,3,4
1009,HubSpot,1359,1,1359.0,4,8,17,1,1
1010,HubSpot,1035,9,115.0,2,6,28,3,9
1013,HubSpot,453,7,64.71,3,5,7,3,7
1014,HubSpot,888,11,80.73,3,3,30,3,8
1016,HubSpot,1184,6,197.33,2,8,15,1,6
1017,HubSpot,795,2,397.5,0,8,24,3,8
1018,HubSpot,1549,3,516.33,2,3,10,0,3
1019,HubSpot,872,12,72.67,5,4,1,2,6
1021,HubSpot,1282,8,160.25,1,6,11,3,9
1022,HubSpot,797,6,132.83,3,5,2,0,3
1024,HubSpot,790,2,395.0,0,7,3,2,1
1025,HubSpot,1816,8,227.0,5,7,19,1,2
1026,HubSpot,1031,7,147.29,0,4,14,0,2
1027,HubSpot,903,11,82.09,2,9,14,0,4
1028,HubSpot,1526,5,305.2,0,7,15,2,1
1029,HubSpot,286,1,286.0,2,8,18,2,1
1030,HubSpot,1512,9,168.0,4,5,5,3,1
1031,HubSpot,1031,10,103.1,4,3,30,3,5
1032,HubSpot,1443,5,288.6,4,6,11,3,6
1033,HubSpot,1713,12,142.75,5,3,30,1,7
1035,HubSpot,632,9,70.22,1,9,10,3,3
1036,HubSpot,1983,3,661.0,2,8,11,0,8
1037,HubSpot,278,9,30.89,5,6,8,2,2
1039,HubSpot,1802,5,360.4,5,5,9,2,10
1040,HubSpot,1491,12,124.25,3,9,23,1,10
1041,HubSpot,272,1,272.0,5,3,9,2,4
1042,HubSpot,1411,12,117.58,4,3,9,3,8
1043,HubSpot,1494,3,498.0,2,4,10,0,10
1044,HubSpot,971,2,485.5,5,10,2,3,4
1045,HubSpot,350,8,43.75,0,4,29,3,7
1046,HubSpot,1292,9,143.56,0,6,29,0,4
1047,HubSpot,1957,11,177.91,4,7,13,0,3
1048,HubSpot,1325,2,662.5,2,3,4,3,5
1051,HubSpot,866,5,173.2,3,9,5,2,8
1052,HubSpot,674,2,337.0,1,8,8,3,2
1053,HubSpot,460,8,57.5,3,10,13,1,3
1054,HubSpot,1811,10,181.1,2,10,26,2,8
1055,HubSpot,773,6,128.83,0,3,21,3,2
1056,HubSpot,1154,4,288.5,5,6,3,2,8
1059,HubSpot,392,7,56.0,0,7,6,3,2
1060,HubSpot,742,5,148.4,3,4,29,3,6
1062,HubSpot,275,5,55.0,2,4,12,1,7
1064,HubSpot,735,5,147.0,2,5,20,3,10
1066,HubSpot,785,12,65.42,2,7,3,0,4
1067,HubSpot,1695,8,211.88,4,3,9,3,7
1068,HubSpot,476,1,476.0,4,6,26,1,8
1069,HubSpot,704,10,70.4,3,8,24,1,5
1070,HubSpot,555,8,69.38,5,9,1,3,5
1071,HubSpot,1551,11,141.0,0,7,14,2,5
1073,HubSpot,206,3,68.67,3,4,7,2,4
1074,HubSpot,778,3,259.33,2,8,11,3,2
1075,HubSpot,1340,4,335.0,1,9,24,1,2
1076,HubSpot,625,9,69.44,2,4,28,2,6
1077,HubSpot,348,1,348.0,4,8,9,1,6
1078,HubSpot,1782,3,594.0,3,8,1,2,7
1079,HubSpot,1308,9,145.33,5,3,17,2,9
1080,HubSpot,552,12,46.0,0,10,6,3,2
1082,HubSpot,509,7,72.71,1,6,10,0,3
1083,HubSpot,1544,10,154.4,1,10,17,0,4
1084,HubSpot,510,7,72.86,3,5,15,1,4
1085,HubSpot,516,7,73.71,1,10,15,3,8
1086,HubSpot,796,7,113.71,4,8,30,0,10
1087,HubSpot,1499,5,299.8,3,10,21,3,5
1088,HubSpot,1395,11,126.82,1,7,9,1,2
1089,HubSpot,612,7,87.43,3,8,21,3,3
1090,HubSpot,1974,12,164.5,3,9,17,2,10
1092,HubSpot,1995,1,1995.0,5,8,8,3,7
1093,HubSpot,1099,11,99.91,4,6,25,1,1
1094,HubSpot,591,2,295.5,3,4,29,1,2
1095,HubSpot,1190,8,148.75,4,3,11,1,5
1097,HubSpot,284,4,71.0,4,6,7,1,2
1098,HubSpot,1539,6,256.5,5,4,17,0,2
1099,HubSpot,1015,7,145.0,2,3,6,1,7
1100,HubSpot,476,9,52.89,0,4,28,1,9
1101,HubSpot,1282,12,106.83,5,8,7,0,2
1102,HubSpot,924,5,184.8,5,6,19,3,9
1103,HubSpot,393,6,65.5,3,6,9,0,6
1104,HubSpot,1387,2,693.5,0,9,25,3,1
1105,HubSpot,1224,7,174.86,1,6,23,3,6
1106,HubSpot,322,5,64.4,3,3,5,3,3
1107,HubSpot,1858,3,619.33,2,10,18,1,3
1108,HubSpot,889,2,444.5,5,5,28,3,2
1109,HubSpot,1822,4,455.5,2,3,14,1,2
1110,HubSpot,323,9,35.89,2,3,3,2,8
1111,HubSpot,1929,10,192.9,4,10,30,0,7
1114,HubSpot,478,12,39.83,4,4,2,3,6
1115,HubSpot,576,7,82.29,4,9,14,2,1
1116,HubSpot,1292,4,323.0,3,4,25,3,9
1117,HubSpot,1857,11,168.82,1,4,10,0,8
1118,HubSpot,662,8,82.75,1,3,17,3,2
1119,HubSpot,774,4,193.5,4,3,7,0,10
1120,HubSpot,517,1,517.0,0,8,28,3,3
1121,HubSpot,1014,1,1014.0,3,3,21,1,5
1123,HubSpot,1208,5,241.6,4,8,29,3,10
1124,HubSpot,1271,12,105.92,4,5,3,1,3
1127,HubSpot,1145,4,286.25,4,4,29,2,3
1128,HubSpot,512,10,51.2,1,5,5,3,3
1129,HubSpot,1778,6,296.33,2,3,4,2,10
1130,HubSpot,1573,11,143.0,1,7,16,2,5
1131,HubSpot,680,11,61.82,0,9,26,2,6
1132,HubSpot,1429,5,285.8,3,3,2,3,10
1133,HubSpot,555,12,46.25,2,9,7,3,7
1134,HubSpot,1426,9,158.44,1,10,27,2,6
1136,HubSpot,1507,11,137.0,2,3,9,2,9
1139,HubSpot,699,9,77.67,3,8,2,0,8
1140,HubSpot,1731,8,216.38,0,3,24,1,2
1141,HubSpot,1108,3,369.33,0,4,26,1,6
1142,HubSpot,1403,12,116.92,4,3,10,1,4
1143,HubSpot,684,2,342.0,2,9,19,3,5
1145,HubSpot,237,2,118.5,0,4,10,3,1
1146,HubSpot,385,10,38.5,5,6,30,1,6
1147,HubSpot,580,1,580.0,3,5,6,3,1
1148,HubSpot,1606,10,160.6,1,4,13,2,3
1149,HubSpot,1757,7,251.0,3,6,8,0,7
1150,HubSpot,393,5,78.6,0,5,7,0,1
1151,HubSpot,330,8,41.25,0,10,4,2,6
1152,HubSpot,1152,12,96.0,2,3,11,0,10
1153,HubSpot,1563,11,142.09,4,8,1,0,10
1154,HubSpot,1653,1,1653.0,0,8,14,3,4
1156,HubSpot,1505,6,250.83,1,9,8,2,10
1157,HubSpot,955,2,477.5,3,9,8,2,3
1158,HubSpot,740,2,370.0,1,3,5,1,9
1159,HubSpot,1804,7,257.71,3,4,2,3,7
1161,HubSpot,868,12,72.33,3,3,6,2,10
1162,HubSpot,543,4,135.75,2,10,15,3,5
1163,HubSpot,366,11,33.27,2,3,12,3,2
1164,HubSpot,1220,6,203.33,1,5,5,3,10
1165,HubSpot,1465,8,183.12,5,8,6,3,2
1166,HubSpot,846,9,94.0,3,4,13,1,2
1167,HubSpot,1177,2,588.5,2,4,3,0,5
1168,HubSpot,532,12,44.33,2,4,6,2,9
1169,HubSpot,838,6,139.67,2,9,15,1,2
1170,HubSpot,1577,4,394.25,3,4,30,3,5
1171,HubSpot,389,10,38.9,0,9,13,2,5
1172,HubSpot,850,11,77.27,0,8,16,0,4
1174,HubSpot,720,1,720.0,0,4,30,3,7
1175,HubSpot,382,8,47.75,0,9,4,1,1
1176,HubSpot,432,2,216.0,5,5,15,1,9
1177,HubSpot,653,2,326.5,5,4,15,1,1
1179,HubSpot,700,6,116.67,3,9,12,3,5
1180,HubSpot,225,1,225.0,0,4,22,2,5
1181,HubSpot,1952,3,650.67,3,3,23,3,9
1182,HubSpot,1879,3,626.33,2,4,4,3,5
1183,HubSpot,621,5,124.2,5,5,10,0,2
1184,HubSpot,719,8,89.88,2,7,22,3,7
1185,HubSpot,495,5,99.0,4,5,5,1,1
1186,HubSpot,1519,7,217.0,2,5,24,0,2
1188,HubSpot,1065,9,118.33,2,9,2,1,9
1190,HubSpot,1852,10,185.2,2,4,21,2,10
1191,HubSpot,504,4,126.0,2,9,13,2,3
1192,HubSpot,332,8,41.5,2,9,9,2,4
1193,HubSpot,1759,4,439.75,0,9,25,2,10
1194,HubSpot,1823,6,303.83,0,9,2,2,5
1195,HubSpot,411,2,205.5,5,6,16,0,4
1196,HubSpot,1514,11,137.64,2,9,24,1,2
1197,HubSpot,1750,11,159.09,0,10,18,0,8
1198,HubSpot,1296,7,185.14,4,8,15,3,1
1199,HubSpot,428,9,47.56,4,6,1,2,2
1200,HubSpot,1624,11,147.64,2,7,21,2,8
1201,HubSpot,827,8,103.38,1,6,9,1,6
1202,HubSpot,1540,11,140.0,4,10,8,3,10
1203,HubSpot,1178,1,1178.0,0,9,17,2,3
1204,HubSpot,1912,6,318.67,1,4,22,3,6
1205,HubSpot,299,5,59.8,0,6,16,0,2
1206,HubSpot,1731,2,865.5,4,8,20,3,9
1208,HubSpot,1372,12,114.33,3,7,21,0,10
1209,HubSpot,934,3,311.33,4,3,11,2,1
1211,HubSpot,1426,6,237.67,3,5,17,0,9
1212,HubSpot,746,8,93.25,5,5,13,3,9
1213,HubSpot,301,7,43.0,1,5,10,0,7
1214,HubSpot,1501,2,750.5,0,8,28,2,1
1215,HubSpot,1863,12,155.25,5,9,6,3,9
1216,HubSpot,1523,10,152.3,0,3,13,1,2
1217,HubSpot,1760,2,880.0,1,4,15,2,10
1218,HubSpot,485,9,53.89,1,5,7,1,2
1221,HubSpot,579,6,96.5,3,10,16,1,6
1222,HubSpot,204,12,17.0,5,6,17,2,7
1223,HubSpot,452,7,64.57,1,10,23,0,5
1224,HubSpot,388,4,97.0,2,5,16,3,4
1225,HubSpot,494,4,123.5,2,10,8,3,5
1226,HubSpot,568,2,284.0,5,7,24,1,1
1229,HubSpot,1447,5,289.4,1,3,15,1,8
1230,HubSpot,734,2,367.0,2,10,3,2,3
1231,HubSpot,901,1,901.0,5,8,19,1,6
1232,HubSpot,663,11,60.27,0,8,12,3,8
1233,HubSpot,1444,12,120.33,4,6,13,2,3
1234,HubSpot,1200,4,300.0,3,8,15,1,4
1235,HubSpot,1266,12,105.5,5,4,14,0,3
1236,HubSpot,1393,3,464.33,0,6,11,0,2
1237,HubSpot,1551,11,141.0,0,6,21,1,1
1238,HubSpot,418,1,418.0,3,8,7,2,1
1239,HubSpot,564,5,112.8,3,7,17,2,2
1241,HubSpot,549,4,137.25,1,5,6,1,3
1242,HubSpot,268,9,29.78,3,6,17,2,8
1243,HubSpot,321,12,26.75,4,7,7,0,4
1244,HubSpot,1183,1,1183.0,4,8,18,3,9
1245,HubSpot,620,8,77.5,4,5,4,1,2
1247,HubSpot,1068,12,89.0,4,5,5,3,1
1249,HubSpot,1256,1,1256.0,4,6,15,0,6
1250,HubSpot,418,10,41.8,1,4,30,3,9
1251,HubSpot,817,5,163.4,5,6,18,0,4
1252,HubSpot,1109,11,100.82,2,10,29,1,9
1253,HubSpot,452,2,226.0,1,6,15,0,5
1254,HubSpot,1377,5,275.4,3,5,10,2,6
1255,HubSpot,831,1,831.0,3,10,29,0,1
1256,HubSpot,857,4,214.25,2,8,21,1,4
1257,HubSpot,740,9,82.22,5,4,22,0,9
1258,HubSpot,256,11,23.27,4,5,19,1,9
1259,HubSpot,859,1,859.0,1,7,16,3,10
1260,HubSpot,1333,3,444.33,2,10,24,2,4
1261,HubSpot,1151,2,575.5,2,9,25,2,2
1263,HubSpot,857,4,214.25,1,3,15,0,7
1264,HubSpot,1041,7,148.71,5,10,2,3,4
1265,HubSpot,1767,4,441.75,0,4,19,0,7
1267,HubSpot,1627,2,813.5,0,8,11,1,1
1268,HubSpot,1418,4,354.5,3,6,24,0,4
1269,HubSpot,723,11,65.73,0,6,16,3,10
1270,HubSpot,358,8,44.75,0,6,16,1,1
1271,HubSpot,1048,2,524.0,4,5,29,0,1
1272,HubSpot,787,6,131.17,4,5,2,3,3
1274,HubSpot,1851,2,925.5,3,5,27,2,8
1276,HubSpot,1618,5,323.6,1,7,14,2,8
1277,HubSpot,699,3,233.0,2,8,2,3,6
1278,HubSpot,1909,3,636.33,4,3,11,1,7
1279,HubSpot,1852,8,231.5,4,4,5,0,8
1280,HubSpot,525,12,43.75,5,3,20,2,8
1281,HubSpot,1323,11,120.27,4,3,28,1,6
1282,HubSpot,1624,12,135.33,2,3,30,0,10
1283,HubSpot,1437,7,205.29,4,7,9,2,7
1284,HubSpot,868,12,72.33,3,4,27,3,5
1285,HubSpot,802,3,267.33,0,8,9,0,6
1286,HubSpot,373,6,62.17,5,8,14,3,5
1287,HubSpot,219,10,21.9,1,3,4,3,8
1288,HubSpot,1836,6,306.0,4,6,2,0,2
1291,HubSpot,658,5,131.6,5,4,10,0,6
1292,HubSpot,1710,11,155.45,4,3,13,3,1
1293,HubSpot,1369,2,684.5,2,7,14,2,5
1294,HubSpot,1263,5,252.6,0,3,1,0,5
1295,HubSpot,276,1,276.0,2,9,9,2,5
1296,HubSpot,1476,8,184.5,3,6,10,3,6
1298,HubSpot,548,6,91.33,3,3,10,1,5
1299,HubSpot,1011,7,144.43,1,8,15,3,1
1300,HubSpot,370,4,92.5,4,3,23,3,10
1301,HubSpot,878,12,73.17,0,4,17,0,3
1302,HubSpot,1567,2,783.5,3,8,6,2,1
1303,HubSpot,1340,11,121.82,0,8,19,2,10
1304,HubSpot,246,5,49.2,1,4,11,0,8
1305,HubSpot,1977,2,988.5,3,7,3,3,5
1306,HubSpot,1185,8,148.12,5,9,29,1,2
1307,HubSpot,1481,1,1481.0,5,6,25,1,4
1308,HubSpot,449,10,44.9,3,9,16,0,3
1309,HubSpot,941,5,188.2,3,4,14,2,5
1311,HubSpot,769,7,109.86,4,9,10,2,9
1313,HubSpot,1443,3,481.0,2,7,3,1,3
1315,HubSpot,1241,2,620.5,0,6,28,3,3
1316,HubSpot,756,12,63.0,5,7,25,3,10
1317,HubSpot,1873,12,156.08,1,10,24,2,10
1318,HubSpot,389,12,32.42,2,7,17,2,1
1319,HubSpot,210,10,21.0,5,7,13,2,9
1320,HubSpot,722,7,103.14,1,5,21,2,9
1321,HubSpot,1718,9,190.89,3,3,21,3,4
1322,HubSpot,1179,7,168.43,5,10,14,2,10
1323,HubSpot,1162,4,290.5,3,3,11,1,5
1324,HubSpot,1954,3,651.33,2,4,19,0,9
1325,HubSpot,1130,2,565.0,3,5,28,3,5
1326,HubSpot,1104,7,157.71,3,9,14,3,1
1328,HubSpot,1617,10,161.7,0,4,20,1,6
1329,HubSpot,535,7,76.43,2,5,11,1,2
1330,HubSpot,1118,7,159.71,4,10,28,0,9
1331,HubSpot,1825,6,304.17,3,10,11,0,1
1332,HubSpot,1486,6,247.67,5,9,24,1,10
1334,HubSpot,1535,11,139.55,3,10,2,2,5
1335,HubSpot,1807,8,225.88,3,10,30,0,5
1336,HubSpot,269,6,44.83,3,10,30,0,3
1337,HubSpot,947,12,78.92,0,4,12,2,5
1338,HubSpot,724,10,72.4,2,3,21,2,8
1339,HubSpot,1863,6,310.5,1,8,13,1,8
1340,HubSpot,729,5,145.8,5,7,12,2,6
1341,HubSpot,1653,11,150.27,5,10,13,3,4
1342,HubSpot,695,6,115.83,5,7,6,0,6
1343,HubSpot,254,10,25.4,2,6,25,0,8
1344,HubSpot,528,8,66.0,5,10,5,1,8
1345,HubSpot,996,10,99.6,2,10,2,2,3
1346,HubSpot,1706,11,155.09,3,9,1,1,7
1347,HubSpot,1067,10,106.7,4,3,26,1,8
1348,HubSpot,1091,11,99.18,2,7,18,1,10
1349,Pipedrive,1887,5,377.4,1,8,2,0,8
1350,Pipedrive,1435,7,205.0,0,9,12,1,8
1351,Pipedrive,1215,8,151.88,5,7,5,2,8
1352,Pipedrive,417,7,59.57,2,4,19,0,7
1353,Pipedrive,595,11,54.09,3,8,1,3,3
1355,Pipedrive,902,10,90.2,1,8,2,0,7
1356,Pipedrive,1441,2,720.5,2,9,20,3,9
1357,Pipedrive,326,8,40.75,4,5,7,0,8
1358,Pipedrive,1571,1,1571.0,0,4,7,1,5
1359,Pipedrive,1889,12,157.42,4,3,5,1,8
1361,Pipedrive,813,4,203.25,1,9,19,1,5
1362,Pipedrive,1476,5,295.2,0,3,3,3,10
1363,Pipedrive,1508,6,251.33,4,4,4,1,10
1364,Pipedrive,1934,5,386.8,3,7,2,1,2
1365,Pipedrive,419,9,46.56,1,10,20,0,5
1367,Pipedrive,1090,6,181.67,4,8,4,0,3
1368,Pipedrive,256,4,64.0,1,3,12,3,7
1369,Pipedrive,1592,7,227.43,5,7,5,1,10
1370,Pipedrive,794,4,198.5,4,6,24,3,6
1371,Pipedrive,1964,11,178.55,5,7,29,1,9
1372,Pipedrive,1225,5,245.0,3,6,16,3,4
1373,Pipedrive,827,11,75.18,4,8,2,1,1
1374,Pipedrive,1871,12,155.92,1,10,16,1,2
1377,Pipedrive,1129,10,112.9,1,4,13,1,6
1378,Pipedrive,295,6,49.17,2,6,6,3,8
1379,Pipedrive,1464,10,146.4,1,7,28,2,9
1380,Pipedrive,703,12,58.58,3,5,13,3,8
1381,Pipedrive,1406,4,351.5,5,7,28,0,3
1382,Pipedrive,1951,9,216.78,3,10,6,3,8
1383,Pipedrive,726,8,90.75,4,9,30,0,1
1384,Pipedrive,803,1,803.0,3,9,23,1,10
1386,Pipedrive,972,10,97.2,3,8,6,2,2
1387,Pipedrive,1723,6,287.17,3,6,3,0,3
1388,Pipedrive,237,5,47.4,0,7,3,0,8
1389,Pipedrive,1850,2,925.0,4,4,5,2,4
1390,Pipedrive,1811,12,150.92,1,10,2,1,7
1391,Pipedrive,946,8,118.25,4,4,10,3,4
1392,Pipedrive,1839,6,306.5,2,3,3,1,6
1393,Pipedrive,628,2,314.0,5,4,1,0,6
1394,Pipedrive,1246,5,249.2,2,9,15,1,2
1395,Pipedrive,1864,4,466.0,3,3,23,0,2
1396,Pipedrive,1560,12,130.0,3,7,19,1,2
1398,Pipedrive,1123,6,187.17,3,3,26,3,4
1399,Pipedrive,213,3,71.0,0,10,7,3,4
1400,Pipedrive,683,10,68.3,3,3,3,0,2
1401,Pipedrive,1552,5,310.4,4,5,14,1,2
1403,Pipedrive,1893,9,210.33,4,5,30,1,5
1404,Pipedrive,231,1,231.0,3,4,7,3,6
1405,Pipedrive,752,12,62.67,4,9,30,3,1
1406,Pipedrive,550,11,50.0,2,4,9,1,6
1407,Pipedrive,1311,12,109.25,0,7,27,3,2
1408,Pipedrive,331,9,36.78,5,3,26,0,5
1409,Pipedrive,894,1,894.0,0,8,24,1,2
1410,Pipedrive,1649,2,824.5,4,8,20,3,1
1411,Pipedrive,1900,3,633.33,3,9,20,1,5
1413,Pipedrive,1831,8,228.88,3,9,14,0,6
1414,Pipedrive,725,9,80.56,2,9,5,2,8
1415,Pipedrive,916,1,916.0,2,5,6,2,7
1416,Pipedrive,1971,5,394.2,0,9,19,2,9
1417,Pipedrive,1049,2,524.5,5,10,11,2,2
1418,Pipedrive,1712,9,190.22,1,10,25,3,2
1419,Pipedrive,1824,2,912.0,2,4,13,0,6
1420,Pipedrive,1339,1,1339.0,0,10,22,2,6
1421,Pipedrive,1203,1,1203.0,4,5,13,3,9
1423,Pipedrive,981,6,163.5,0,7,9,2,2
1424,Pipedrive,812,5,162.4,5,5,20,2,3
1425,Pipedrive,1733,7,247.57,3,3,17,0,6
1426,Pipedrive,1936,1,1936.0,0,8,27,0,4
1427,Pipedrive,1097,11,99.73,4,9,25,1,7
1428,Pipedrive,1244,5,248.8,4,10,2,2,3
1430,Pipedrive,721,2,360.5,3,4,10,1,1
1431,Pipedrive,1111,7,158.71,5,4,15,0,1
1432,Pipedrive,1078,9,119.78,0,7,8,3,6
1434,Pipedrive,1381,8,172.62,1,6,20,3,7
1435,Pipedrive,1041,12,86.75,0,3,11,2,2
1436,Pipedrive,1972,8,246.5,0,8,2,0,8
1437,Pipedrive,1085,1,1085.0,0,10,12,0,9
1438,Pipedrive,212,1,212.0,3,10,18,2,3
1440,Pipedrive,1238,5,247.6,2,8,15,3,2
1441,Pipedrive,1284,11,116.73,3,10,16,0,7
1442,Pipedrive,1076,8,134.5,1,4,20,1,3
1443,Pipedrive,1333,4,333.25,2,4,9,1,1
1444,Pipedrive,1500,10,150.0,1,4,12,1,8
1446,Pipedrive,561,12,46.75,2,10,18,1,4
1447,Pipedrive,1065,8,133.12,2,3,29,0,3
1448,Pipedrive,1606,1,1606.0,2,7,26,2,8
1449,Pipedrive,1486,7,212.29,4,3,3,1,3
1451,Pipedrive,900,7,128.57,1,3,18,1,7
1452,Pipedrive,396,12,33.0,0,3,5,2,8
1454,Pipedrive,1887,11,171.55,0,4,28,3,3
1457,Pipedrive,1669,1,1669.0,5,9,23,1,8
1458,Pipedrive,327,4,81.75,2,8,20,2,10
1459,Pipedrive,416,6,69.33,0,9,15,3,2
1460,Pipedrive,1092,12,91.0,3,5,19,3,6
1461,Pipedrive,1309,7,187.0,5,6,13,0,3
1462,Pipedrive,1798,6,299.67,1,9,17,3,4
1463,Pipedrive,495,1,495.0,4,5,6,2,5
1464,Zoho CRM,936,1,936.0,4,3,13,2,1
1465,Zoho CRM,1454,8,181.75,4,10,27,1,9
1466,Zoho CRM,1219,2,609.5,4,6,21,2,2
1467,Zoho CRM,1745,1,1745.0,0,3,14,3,6
1469,Zoho CRM,1305,5,261.0,4,7,8,1,1
1470,Zoho CRM,1749,1,1749.0,2,9,2,1,6
1471,Zoho CRM,1913,11,173.91,5,9,1,3,1
1472,Zoho CRM,986,5,197.2,4,6,16,2,10
1473,Zoho CRM,1831,1,1831.0,2,7,15,0,6
1475,Zoho CRM,1731,9,192.33,1,3,9,3,1
1476,Zoho CRM,459,8,57.38,5,3,6,3,7
1477,Zoho CRM,738,6,123.0,0,6,1,0,6
1478,Zoho CRM,1491,1,1491.0,0,8,30,3,6
1479,Zoho CRM,811,8,101.38,1,3,18,2,3
1481,Zoho CRM,1192,5,238.4,0,9,6,1,9
1482,Zoho CRM,866,1,866.0,3,5,12,2,4
1483,Zoho CRM,576,1,576.0,2,5,18,2,2
1484,Zoho CRM,854,6,142.33,0,4,7,2,3
1485,Zoho CRM,717,8,89.62,0,4,26,3,9
1487,Zoho CRM,1244,8,155.5,5,8,1,2,2
1491,Zoho CRM,626,10,62.6,5,4,29,2,2
1492,Zoho CRM,1250,1,1250.0,2,4,27,2,2
1493,Zoho CRM,460,1,460.0,5,3,16,2,1
1494,Zoho CRM,762,12,63.5,2,4,11,3,10
1495,Zoho CRM,1436,4,359.0,1,5,16,3,10
1496,Zoho CRM,497,7,71.0,4,7,15,1,9
1498,Zoho CRM,1153,10,115.3,1,3,19,1,6
1499,Zoho CRM,564,4,141.0,4,3,13,0,6
1500,Zoho CRM,1045,4,261.25,3,3,15,0,3
1501,Zoho CRM,817,2,408.5,1,10,7,2,10
1502,Zoho CRM,377,3,125.67,5,8,18,0,10
1503,Zoho CRM,654,7,93.43,3,7,28,1,7
1505,Zoho CRM,809,4,202.25,3,8,22,1,2
1506,Zoho CRM,1547,5,309.4,5,8,23,2,6
1508,Zoho CRM,1061,9,117.89,0,8,2,2,2
1509,Zoho CRM,801,7,114.43,5,6,26,0,9
1510,Zoho CRM,1116,10,111.6,4,10,29,3,4
1512,Zoho CRM,691,11,62.82,0,5,7,0,5
1514,Zoho CRM,518,4,129.5,1,6,23,1,2
1515,Zoho CRM,1554,10,155.4,3,3,25,1,6
1516,Zoho CRM,255,10,25.5,5,5,16,0,5
1517,Zoho CRM,211,1,211.0,2,6,25,3,7
1518,Zoho CRM,1078,9,119.78,2,10,2,3,3
1519,Zoho CRM,996,1,996.0,5,5,15,2,8
1520,Zoho CRM,1702,9,189.11,4,9,14,1,7
1521,Zoho CRM,1231,1,1231.0,2,6,16,1,9
1522,Zoho CRM,318,9,35.33,4,5,7,1,1
1523,Zoho CRM,1355,8,169.38,0,4,20,1,5
1524,Zoho CRM,1150,8,143.75,0,10,12,0,9
1526,Zoho CRM,1618,7,231.14,1,4,1,3,4
1527,Zoho CRM,1026,8,128.25,4,5,17,0,7
1528,Zoho CRM,1315,10,131.5,3,3,1,3,7
1530,Zoho CRM,1948,9,216.44,5,4,29,1,8
1531,Zoho CRM,1404,1,1404.0,2,5,12,1,9
1532,Zoho CRM,1576,5,315.2,3,8,17,0,7
1533,Zoho CRM,1318,2,659.0,5,10,20,1,3
1534,Zoho CRM,1492,5,298.4,0,10,20,3,1
1535,Zoho CRM,644,2,322.0,0,3,17,1,5
1536,Zoho CRM,1344,12,112.0,0,8,29,2,5
1537,Zoho CRM,1286,8,160.75,4,3,27,2,9
1538,Zoho CRM,705,4,176.25,2,9,29,2,9
1540,Zoho CRM,972,12,81.0,3,5,13,0,3
1541,Zoho CRM,404,4,101.0,0,3,14,3,7
1542,Zoho CRM,809,1,809.0,2,10,21,2,4
1544,Zoho CRM,1511,1,1511.0,4,10,24,0,4
1545,Zoho CRM,1111,9,123.44,1,8,23,1,8
1546,Zoho CRM,418,3,139.33,3,10,1,2,2
1547,Zoho CRM,883,6,147.17,3,4,8,3,4
1548,Zoho CRM,1663,2,831.5,2,5,4,3,6
1549,Zoho CRM,994,3,331.33,2,10,20,2,5
1551,Zoho CRM,704,4,176.0,0,10,18,1,8
1552,Zoho CRM,662,12,55.17,0,8,21,3,7
1553,Zoho CRM,1090,3,363.33,0,7,27,0,8
1554,Zoho CRM,1266,5,253.2,5,9,9,0,2
1555,Zoho CRM,880,8,110.0,3,7,14,3,3
1556,Zoho CRM,439,10,43.9,4,10,17,2,7
1557,Zoho CRM,902,11,82.0,1,8,29,2,5
1558,Zoho CRM,506,5,101.2,2,9,13,3,3
1559,Zoho CRM,1449,3,483.0,4,3,15,1,3
1560,Zoho CRM,1671,7,238.71,3,7,2,3,1
1561,Zoho CRM,402,6,67.0,2,4,8,1,8
1563,Zoho CRM,1668,4,417.0,4,9,22,1,4
1564,Zoho CRM,1461,3,487.0,1,9,5,1,6
1565,Zoho CRM,1524,5,304.8,3,9,6,3,7
1566,Zoho CRM,377,1,377.0,1,8,13,2,8
1567,Zoho CRM,750,11,68.18,4,3,18,2,4
1568,Zoho CRM,1204,11,109.45,0,7,27,1,7
1569,Zoho CRM,498,8,62.25,1,8,1,3,1
1570,Zoho CRM,307,12,25.58,0,5,27,3,7
1571,Zoho CRM,1964,5,392.8,3,3,19,3,2
1572,Zoho CRM,783,10,78.3,0,4,1,0,10
1573,Zoho CRM,417,7,59.57,3,8,27,2,5
1574,Zoho CRM,895,5,179.0,5,6,2,0,2
1575,Zoho CRM,1171,9,130.11,2,9,5,3,5
1577,Zoho CRM,1965,11,178.64,5,5,26,0,6
1578,Zoho CRM,570,12,47.5,1,8,22,3,4
1579,Zoho CRM,315,8,39.38,1,5,4,3,7
1581,Zoho CRM,964,7,137.71,4,4,2,3,1
1582,Zoho CRM,1484,9,164.89,5,9,25,0,2
1583,Zoho CRM,1866,8,233.25,0,6,22,2,1
1584,Zoho CRM,1509,3,503.0,2,3,1,3,5
1585,Zoho CRM,560,3,186.67,3,9,30,2,4
1586,Zoho CRM,835,10,83.5,5,7,25,3,6
1587,Zoho CRM,487,7,69.57,5,8,2,2,4
1588,Zoho CRM,782,8,97.75,3,7,3,0,7
1589,Zoho CRM,230,3,76.67,4,8,23,2,4
1590,Zoho CRM,1668,9,185.33,4,10,11,2,10
1591,Zoho CRM,1509,9,167.67,3,8,19,1,1
1592,Zoho CRM,733,12,61.08,0,8,29,2,3
1593,Zoho CRM,1816,9,201.78,5,5,25,1,1
1595,Zoho CRM,1850,2,925.0,3,7,24,1,1
1596,Zoho CRM,1549,4,387.25,5,5,20,3,8
1597,Zoho CRM,1643,5,328.6,2,7,8,1,3
1598,Zoho CRM,1414,12,117.83,2,8,22,3,9
1599,Zoho CRM,1077,8,134.62,5,7,29,0,5
1601,Zoho CRM,1954,8,244.25,3,5,9,3,5
1602,Zoho CRM,1470,8,183.75,1,6,22,2,2
1603,Zoho CRM,1352,1,1352.0,3,10,21,0,1
1604,Zoho CRM,265,10,26.5,4,10,18,2,5
1605,Zoho CRM,555,10,55.5,4,5,19,1,2
1606,Zoho CRM,976,11,88.73,2,5,4,1,9
1607,Zoho CRM,459,7,65.57,2,8,20,3,1
1608,Zoho CRM,1974,3,658.0,2,4,1,2,6
1609,Zoho CRM,1161,10,116.1,4,4,12,2,4
1611,Zoho CRM,741,11,67.36,2,9,12,0,3
1613,Zoho CRM,1778,4,444.5,2,6,30,2,5
1614,Zoho CRM,314,12,26.17,3,3,17,0,7
1615,Zoho CRM,1947,11,177.0,1,4,24,1,10
1617,Zoho CRM,873,10,87.3,5,7,8,2,8
1618,Zoho CRM,1305,12,108.75,5,7,28,2,10
1619,Zoho CRM,242,12,20.17,3,6,23,0,3
1620,Zoho CRM,1271,3,423.67,0,4,26,0,3
1621,Zoho CRM,1005,5,201.0,5,5,4,0,6
1622,Zoho CRM,724,5,144.8,3,6,25,3,8
1623,Zoho CRM,306,8,38.25,0,8,28,0,8
1624,Zoho CRM,251,10,25.1,2,3,21,3,3
1625,Zoho CRM,988,11,89.82,1,5,15,3,3
1626,Zoho CRM,722,12,60.17,5,6,5,3,6
1627,Zoho CRM,1127,3,375.67,0,10,20,0,5
1629,Zoho CRM,1712,8,214.0,0,10,17,1,8
1630,Zoho CRM,1437,9,159.67,3,10,22,2,3
1631,Zoho CRM,1634,11,148.55,1,9,27,1,7
1632,Zoho CRM,1358,2,679.0,4,7,12,2,5
1633,Zoho CRM,420,11,38.18,4,6,17,2,8
1634,Zoho CRM,1670,10,167.0,1,5,13,1,10
1635,Zoho CRM,236,2,118.0,3,8,4,2,10
1636,Zoho CRM,1681,10,168.1,2,5,16,2,8
1637,Zoho CRM,1945,9,216.11,5,10,4,2,6
1638,Zoho CRM,1704,4,426.0,1,6,3,3,10
1639,Zoho CRM,1785,4,446.25,0,6,21,2,8
1640,Zoho CRM,874,7,124.86,0,9,24,0,8
1641,Zoho CRM,977,6,162.83,5,3,5,0,1
1642,Zoho CRM,1842,1,1842.0,0,5,16,3,5
1644,Zoho CRM,1557,10,155.7,4,8,29,3,1
1645,Zoho CRM,1773,1,1773.0,2,4,21,1,6
1646,Zoho CRM,665,9,73.89,5,3,28,3,4
1647,Zoho CRM,395,10,39.5,5,3,11,1,8
1648,Zoho CRM,1909,7,272.71,4,6,6,3,10
1650,Zoho CRM,1895,11,172.27,1,10,10,3,3
1651,Zoho CRM,566,7,80.86,4,10,11,1,2
1652,Zoho CRM,357,12,29.75,2,5,22,2,4
1653,Zoho CRM,1303,8,162.88,1,3,15,2,8
1654,Zoho CRM,1434,4,358.5,5,4,10,2,5
1657,Zoho CRM,1539,10,153.9,2,4,19,3,5
1658,Zoho CRM,846,11,76.91,4,9,6,2,4
1659,Zoho CRM,1332,5,266.4,0,5,25,3,8
1660,Zoho CRM,1561,2,780.5,2,10,28,1,7
1661,Zoho CRM,1281,6,213.5,0,10,2,2,2
1662,Zoho CRM,1309,3,436.33,2,4,21,0,1
1663,Zoho CRM,592,2,296.0,5,9,15,1,1
1664,Zoho CRM,1176,6,196.0,4,4,9,2,6
1665,Zoho CRM,1048,7,149.71,0,9,26,3,8
1666,Zoho CRM,1605,7,229.29,0,4,24,2,1
1667,Zoho CRM,1667,5,333.4,1,7,1,0,1
1668,Zoho CRM,579,7,82.71,5,8,11,3,7
1669,Zoho CRM,1622,5,324.4,3,8,14,3,6
1670,Zoho CRM,1727,8,215.88,1,5,19,3,8
1671,Zoho CRM,816,2,408.0,0,8,1,3,9
1672,Zoho CRM,864,10,86.4,0,5,8,1,1
1673,Zoho CRM,1453,5,290.6,3,5,4,2,8
1674,Zoho CRM,1503,1,1503.0,3,4,27,3,6
1675,Zoho CRM,651,8,81.38,1,3,11,1,5
1676,Zoho CRM,537,9,59.67,4,3,16,0,7
1677,Zoho CRM,505,10,50.5,1,3,30,3,2
1678,Zoho CRM,920,1,920.0,3,4,28,0,7
1679,Zoho CRM,1015,2,507.5,3,3,8,3,8
1680,Zoho CRM,318,6,53.0,4,3,9,0,2
1681,Zoho CRM,1142,11,103.82,4,10,15,3,4
1683,Zoho CRM,412,10,41.2,4,7,14,3,1
1684,Zoho CRM,1362,10,136.2,3,3,18,3,5
1686,Zoho CRM,1461,7,208.71,0,5,5,1,1
1687,Zoho CRM,1250,11,113.64,3,7,23,3,8
1688,Zoho CRM,1939,10,193.9,4,5,9,1,8
1689,Zoho CRM,913,10,91.3,3,9,18,3,3
1690,Zoho CRM,1115,5,223.0,4,5,23,1,1
1691,Zoho CRM,1987,1,1987.0,4,10,3,2,5
1692,Zoho CRM,1199,6,199.83,4,8,1,0,4
1693,Zoho CRM,1944,4,486.0,3,10,28,1,2
1694,Zoho CRM,334,6,55.67,3,10,25,0,5
1695,Zoho CRM,236,9,26.22,1,5,10,3,5
1696,Zoho CRM,1447,11,131.55,0,6,15,0,7
1698,Zoho CRM,1822,6,303.67,0,7,22,1,4
1699,Zoho CRM,1553,2,776.5,2,9,21,1,8
1700,Zoho CRM,1303,2,651.5,1,4,29,0,6
1701,Zoho CRM,417,9,46.33,5,4,23,1,7
1702,Zoho CRM,1853,10,185.3,0,3,9,3,10
1703,Zoho CRM,298,5,59.6,3,7,10,2,1
1704,Zoho CRM,1776,6,296.0,5,4,11,0,10
1705,Zoho CRM,1757,4,439.25,4,7,30,1,8
1707,Zoho CRM,1346,10,134.6,0,4,20,1,7
1708,Zoho CRM,1817,9,201.89,4,3,1,3,1
1709,Zoho CRM,1511,7,215.86,4,4,29,2,5
1710,Zoho CRM,1961,2,980.5,3,9,28,3,2
1711,Zoho CRM,410,8,51.25,3,5,27,2,3
1712,Zoho CRM,204,7,29.14,3,3,18,0,6
1713,Zoho CRM,1716,9,190.67,5,8,18,1,5
1715,Zoho CRM,1589,1,1589.0,2,10,16,2,8
1717,Microsoft Dynamics 365,561,5,112.2,0,3,8,0,4
1718,Microsoft Dynamics 365,371,6,61.83,0,9,3,3,6
1719,Microsoft Dynamics 365,1407,9,156.33,4,9,6,1,5
1720,Microsoft Dynamics 365,1450,5,290.0,5,10,14,2,2
1722,Microsoft Dynamics 365,1449,5,289.8,4,8,28,1,3
1723,Microsoft Dynamics 365,943,2,471.5,4,3,3,0,3
1724,Microsoft Dynamics 365,1963,7,280.43,1,6,9,1,3
1725,Microsoft Dynamics 365,1107,8,138.38,5,10,2,2,10
1726,Microsoft Dynamics 365,826,11,75.09,1,9,17,1,4
1727,Microsoft Dynamics 365,1463,11,133.0,5,8,24,2,5
1728,Microsoft Dynamics 365,606,12,50.5,2,7,18,1,2
1729,Microsoft Dynamics 365,693,9,77.0,5,3,4,0,6
1730,Microsoft Dynamics 365,1527,6,254.5,3,9,20,2,2
1731,Microsoft Dynamics 365,1576,6,262.67,0,6,20,2,6
1732,Microsoft Dynamics 365,1850,4,462.5,1,6,16,2,1
1733,Microsoft Dynamics 365,1232,4,308.0,4,10,8,0,8
1734,Microsoft Dynamics 365,854,3,284.67,2,5,22,1,3
1735,Microsoft Dynamics 365,770,4,192.5,2,5,4,1,10
1736,Microsoft Dynamics 365,915,12,76.25,3,9,11,3,3
1737,Microsoft Dynamics 365,1329,1,1329.0,3,6,29,1,6
1738,Microsoft Dynamics 365,238,1,238.0,3,7,28,2,6
1739,Microsoft Dynamics 365,1675,9,186.11,0,7,26,1,10
1740,Microsoft Dynamics 365,799,1,799.0,3,5,17,3,3
1741,Microsoft Dynamics 365,948,12,79.0,2,10,24,1,10
1742,Microsoft Dynamics 365,587,12,48.92,5,10,1,3,3
1743,Microsoft Dynamics 365,1490,11,135.45,2,10,24,1,7
1744,Microsoft Dynamics 365,239,9,26.56,0,8,12,1,3
1745,Microsoft Dynamics 365,1056,3,352.0,1,4,14,3,6
1746,Microsoft Dynamics 365,1939,1,1939.0,0,4,12,1,3
1748,Microsoft Dynamics 365,1502,8,187.75,5,3,25,1,5
1749,Microsoft Dynamics 365,1770,2,885.0,2,10,16,2,7
1750,Microsoft Dynamics 365,1943,12,161.92,4,9,7,3,2
1751,Microsoft Dynamics 365,684,8,85.5,4,10,1,0,6
1752,Microsoft Dynamics 365,708,9,78.67,1,4,26,1,3
1753,Microsoft Dynamics 365,1540,4,385.0,5,9,26,2,8
1754,Microsoft Dynamics 365,1608,12,134.0,2,6,25,3,7
1755,Microsoft Dynamics 365,752,5,150.4,2,4,6,2,7
1756,Microsoft Dynamics 365,516,3,172.0,1,3,18,1,5
1757,Microsoft Dynamics 365,1780,7,254.29,2,7,26,1,10
1758,Microsoft Dynamics 365,1358,11,123.45,5,9,4,1,9
1759,Microsoft Dynamics 365,316,8,39.5,0,9,2,3,10
1760,Microsoft Dynamics 365,1413,11,128.45,1,7,11,0,1
1761,Microsoft Dynamics 365,987,11,89.73,4,6,17,1,10
1762,Microsoft Dynamics 365,488,2,244.0,3,5,19,3,1
1763,Microsoft Dynamics 365,826,12,68.83,1,10,17,2,8
1764,Microsoft Dynamics 365,1828,2,914.0,0,6,14,1,1
1765,Microsoft Dynamics 365,937,7,133.86,4,8,21,3,3
1767,Microsoft Dynamics 365,847,11,77.0,0,9,20,2,2
1768,Microsoft Dynamics 365,487,4,121.75,2,5,18,0,9
1770,Microsoft Dynamics 365,1253,9,139.22,3,3,17,0,2
1771,Microsoft Dynamics 365,207,8,25.88,0,7,20,1,4
1772,Microsoft Dynamics 365,1641,7,234.43,0,6,25,3,9
1773,Microsoft Dynamics 365,260,9,28.89,5,8,18,2,5
1774,Microsoft Dynamics 365,1801,5,360.2,1,10,5,0,4
1775,Microsoft Dynamics 365,555,7,79.29,5,10,16,3,4
1777,Microsoft Dynamics 365,1969,9,218.78,1,4,23,0,9
1778,Microsoft Dynamics 365,312,5,62.4,1,7,23,1,1
1779,Microsoft Dynamics 365,1779,10,177.9,3,10,11,3,9
1781,Microsoft Dynamics 365,1666,5,333.2,1,4,18,0,9
1782,Microsoft Dynamics 365,1754,1,1754.0,0,10,9,3,3
1783,Microsoft Dynamics 365,1425,2,712.5,5,6,4,0,3
1784,Microsoft Dynamics 365,991,6,165.17,4,10,10,3,1
1785,Microsoft Dynamics 365,644,1,644.0,1,6,4,1,2
1786,Microsoft Dynamics 365,1202,9,133.56,0,10,26,0,5
1787,Microsoft Dynamics 365,563,12,46.92,1,5,16,2,9
1788,Microsoft Dynamics 365,1315,9,146.11,0,4,18,2,10
1789,Microsoft Dynamics 365,1862,3,620.67,0,9,7,0,5
1790,Microsoft Dynamics 365,438,7,62.57,2,5,28,3,3
1792,Microsoft Dynamics 365,1995,7,285.0,0,4,1,2,4
1793,Microsoft Dynamics 365,398,1,398.0,0,4,15,1,6
1794,Microsoft Dynamics 365,331,4,82.75,3,5,5,1,9
1795,Microsoft Dynamics 365,1535,1,1535.0,0,6,22,3,1
1796,Microsoft Dynamics 365,561,1,561.0,4,4,27,2,1
1797,Microsoft Dynamics 365,353,5,70.6,3,9,3,1,7
1798,Microsoft Dynamics 365,273,8,34.12,3,5,29,3,3
1800,Microsoft Dynamics 365,274,11,24.91,5,7,12,0,10
1801,Microsoft Dynamics 365,1329,1,1329.0,3,6,23,2,4
1802,Microsoft Dynamics 365,693,4,173.25,2,3,4,3,3
1803,Microsoft Dynamics 365,1062,3,354.0,2,4,2,2,10
1804,Microsoft Dynamics 365,757,7,108.14,0,10,8,0,6
1805,Microsoft Dynamics 365,1563,2,781.5,5,8,4,1,4
1806,Microsoft Dynamics 365,1546,3,515.33,0,9,15,1,1
1807,Microsoft Dynamics 365,1971,10,197.1,1,7,1,3,5
1808,Microsoft Dynamics 365,391,11,35.55,1,8,19,3,7
1810,Microsoft Dynamics 365,891,4,222.75,1,3,8,3,4
1811,Microsoft Dynamics 365,1553,9,172.56,2,10,9,1,4
1812,Microsoft Dynamics 365,1439,2,719.5,4,8,28,0,1
1813,Microsoft Dynamics 365,256,9,28.44,2,4,13,1,7
1814,Microsoft Dynamics 365,1199,6,199.83,0,4,23,2,7
1815,Microsoft Dynamics 365,1263,4,315.75,5,4,9,3,6
1816,Microsoft Dynamics 365,211,1,211.0,1,7,25,2,6
1817,Microsoft Dynamics 365,1246,12,103.83,5,7,13,2,3
1821,Microsoft Dynamics 365,320,2,160.0,4,4,25,0,3
1822,Microsoft Dynamics 365,637,3,212.33,0,4,13,2,2
1823,Microsoft Dynamics 365,1428,9,158.67,4,3,13,0,10
1824,Microsoft Dynamics 365,429,8,53.62,2,3,15,2,2
1825,Microsoft Dynamics 365,1721,10,172.1,1,9,27,3,8
1827,Microsoft Dynamics 365,1498,6,249.67,0,7,13,0,7
1828,Microsoft Dynamics 365,1526,3,508.67,5,5,22,2,4
1829,Microsoft Dynamics 365,1701,10,170.1,5,9,12,3,9
1830,Microsoft Dynamics 365,1722,11,156.55,4,10,26,1,1
1831,Microsoft Dynamics 365,491,1,491.0,2,10,3,0,4
1832,Microsoft Dynamics 365,985,11,89.55,2,6,10,3,7
1833,Microsoft Dynamics 365,1740,5,348.0,0,7,10,1,8
1834,Microsoft Dynamics 365,435,11,39.55,4,10,10,2,4
1835,Microsoft Dynamics 365,331,5,66.2,2,8,12,0,9
1836,Microsoft Dynamics 365,304,1,304.0,1,3,14,2,5
1837,Microsoft Dynamics 365,1163,4,290.75,2,9,30,2,3
1838,Microsoft Dynamics 365,1861,8,232.62,5,5,19,2,4
1839,Microsoft Dynamics 365,1045,11,95.0,0,3,26,0,10
1840,Microsoft Dynamics 365,1266,3,422.0,2,8,2,0,5
1842,Microsoft Dynamics 365,1653,7,236.14,5,7,15,0,3
1843,Microsoft Dynamics 365,1912,4,478.0,3,3,15,2,2
1845,Microsoft Dynamics 365,1207,1,1207.0,3,3,6,1,6
1847,Microsoft Dynamics 365,547,6,91.17,2,6,22,0,4
1848,Microsoft Dynamics 365,721,12,60.08,0,10,14,1,3
1849,Microsoft Dynamics 365,1318,1,1318.0,4,8,10,0,8
1850,Microsoft Dynamics 365,957,5,191.4,5,3,4,3,4
1851,Microsoft Dynamics 365,1119,10,111.9,0,8,25,2,9
1853,Microsoft Dynamics 365,537,9,59.67,0,10,7,1,4
1854,Microsoft Dynamics 365,1746,10,174.6,5,9,20,0,1
1855,Microsoft Dynamics 365,1758,9,195.33,1,9,21,2,7
1857,Microsoft Dynamics 365,423,3,141.0,0,9,10,3,5
1858,Microsoft Dynamics 365,1676,7,239.43,3,9,9,3,9
1860,Microsoft Dynamics 365,1872,6,312.0,3,5,11,0,9
1861,Microsoft Dynamics 365,735,6,122.5,0,4,21,2,4
1862,Microsoft Dynamics 365,1826,10,182.6,4,5,12,3,1
1863,Microsoft Dynamics 365,1388,10,138.8,1,9,4,0,3
1864,Microsoft Dynamics 365,1266,6,211.0,5,8,25,0,5
1865,Microsoft Dynamics 365,688,9,76.44,5,5,11,2,3
1866,Microsoft Dynamics 365,222,4,55.5,1,9,11,0,9
1867,Microsoft Dynamics 365,1761,2,880.5,4,3,25,2,3
1868,Microsoft Dynamics 365,1285,4,321.25,4,3,28,2,4
1869,Microsoft Dynamics 365,230,7,32.86,3,6,29,0,9
1870,Microsoft Dynamics 365,660,1,660.0,1,7,1,0,7
1871,Microsoft Dynamics 365,1505,8,188.12,3,9,19,1,2
1872,Microsoft Dynamics 365,1391,11,126.45,0,3,11,0,8
1873,Microsoft Dynamics 365,407,10,40.7,3,3,20,2,8
1875,Microsoft Dynamics 365,800,5,160.0,2,7,1,3,10
1876,Microsoft Dynamics 365,438,5,87.6,1,10,26,3,8
1877,Microsoft Dynamics 365,624,9,69.33,5,7,8,0,6
1878,Microsoft Dynamics 365,1725,6,287.5,3,10,14,2,10
1879,Microsoft Dynamics 365,1145,10,114.5,1,9,6,3,4
1880,Microsoft Dynamics 365,536,12,44.67,3,6,6,2,4
1881,Microsoft Dynamics 365,1201,1,1201.0,1,4,19,0,6
1883,Microsoft Dynamics 365,1037,7,148.14,2,4,30,2,2
1884,Microsoft Dynamics 365,1603,4,400.75,2,6,1,3,7
1885,Microsoft Dynamics 365,1261,11,114.64,1,5,19,3,7
1886,Microsoft Dynamics 365,1860,12,155.0,4,4,21,3,1
1887,Microsoft Dynamics 365,925,12,77.08,5,4,19,0,8
1889,Microsoft Dynamics 365,1822,1,1822.0,1,7,6,1,7
1890,Microsoft Dynamics 365,1734,4,433.5,3,7,24,1,8
1891,Microsoft Dynamics 365,710,9,78.89,0,4,7,0,9
1892,Microsoft Dynamics 365,738,4,184.5,2,4,7,2,8
1893,Microsoft Dynamics 365,1665,2,832.5,3,5,14,0,2
1894,Microsoft Dynamics 365,422,12,35.17,2,10,13,1,1
1895,Microsoft Dynamics 365,1111,4,277.75,2,10,18,3,4
1899,Microsoft Dynamics 365,1701,6,283.5,2,4,9,2,6
1900,Microsoft Dynamics 365,1825,7,260.71,2,10,29,1,2
1903,Microsoft Dynamics 365,1535,2,767.5,3,8,19,1,7
1905,Microsoft Dynamics 365,1024,4,256.0,3,3,1,2,4
1906,Microsoft Dynamics 365,1323,4,330.75,0,4,10,2,8
1907,Microsoft Dynamics 365,1238,12,103.17,0,9,12,3,1
1908,Microsoft Dynamics 365,1263,9,140.33,0,7,29,0,9
1910,Microsoft Dynamics 365,1600,10,160.0,0,5,10,2,7
1911,Microsoft Dynamics 365,1851,12,154.25,1,5,14,0,8
1912,Microsoft Dynamics 365,620,5,124.0,5,9,2,3,4
1913,Microsoft Dynamics 365,1764,7,252.0,1,4,9,1,2
1914,Microsoft Dynamics 365,1257,2,628.5,1,10,30,1,3
1915,ActiveCampaign,1407,12,117.25,1,3,10,2,1
1916,ActiveCampaign,1531,4,382.75,0,6,9,0,2
1917,ActiveCampaign,1022,5,204.4,3,9,9,1,8
1918,ActiveCampaign,604,9,67.11,5,9,18,0,4
1920,ActiveCampaign,1997,4,499.25,5,10,21,1,3
1921,ActiveCampaign,1501,8,187.62,5,4,18,0,6
1922,ActiveCampaign,907,4,226.75,5,5,12,1,1
1924,ActiveCampaign,558,2,279.0,1,9,16,0,7
1925,ActiveCampaign,305,11,27.73,1,6,17,2,2
1926,ActiveCampaign,1686,8,210.75,4,10,13,0,3
1927,ActiveCampaign,1246,8,155.75,2,3,16,1,7
1928,ActiveCampaign,1615,11,146.82,2,4,1,2,1
1929,ActiveCampaign,708,10,70.8,0,9,16,0,3
1930,ActiveCampaign,1287,9,143.0,5,6,15,1,10
1932,ActiveCampaign,1527,9,169.67,2,6,25,0,9
1933,ActiveCampaign,517,3,172.33,3,4,9,3,10
1934,ActiveCampaign,913,4,228.25,4,8,8,3,10
1936,ActiveCampaign,1257,12,104.75,1,6,25,1,1
1938,ActiveCampaign,1098,3,366.0,5,7,27,3,2
1939,ActiveCampaign,1960,11,178.18,0,8,14,1,4
1940,ActiveCampaign,306,12,25.5,3,10,18,0,2
1941,ActiveCampaign,1590,10,159.0,2,9,16,0,2
1942,ActiveCampaign,767,12,63.92,0,5,18,0,5
1943,ActiveCampaign,803,8,100.38,0,5,2,1,7
1944,ActiveCampaign,462,5,92.4,4,10,10,2,7
1945,ActiveCampaign,580,4,145.0,3,9,23,0,8
1946,ActiveCampaign,653,3,217.67,3,10,14,0,7
1947,ActiveCampaign,1752,4,438.0,4,8,21,0,4
1948,ActiveCampaign,1034,9,114.89,4,3,14,2,8
1950,ActiveCampaign,797,2,398.5,5,9,19,2,4
1951,ActiveCampaign,1050,7,150.0,5,6,22,1,8
1952,ActiveCampaign,1718,6,286.33,3,4,29,2,6
1953,ActiveCampaign,653,6,108.83,3,10,16,3,9
1954,ActiveCampaign,941,10,94.1,1,7,11,1,7
1956,ActiveCampaign,350,9,38.89,5,6,15,2,5
1957,ActiveCampaign,1308,10,130.8,1,6,25,3,1
1958,ActiveCampaign,777,3,259.0,2,7,11,0,3
1959,ActiveCampaign,919,7,131.29,3,3,5,0,8
1960,ActiveCampaign,1863,9,207.0,1,8,26,0,7
1962,ActiveCampaign,1754,2,877.0,5,3,8,3,7
1963,ActiveCampaign,626,3,208.67,4,7,1,1,9
1964,ActiveCampaign,1878,12,156.5,0,7,7,3,5
1965,ActiveCampaign,384,11,34.91,1,9,20,0,9
1966,ActiveCampaign,1697,7,242.43,2,8,28,0,1
1967,ActiveCampaign,1273,7,181.86,0,10,30,0,8
1968,ActiveCampaign,1936,12,161.33,5,6,20,1,2
1970,ActiveCampaign,681,3,227.0,4,7,2,1,8
1972,ActiveCampaign,1826,6,304.33,4,7,6,2,1
1973,ActiveCampaign,335,7,47.86,2,10,12,2,6
1974,ActiveCampaign,1172,5,234.4,4,9,7,1,9
1975,ActiveCampaign,345,1,345.0,5,10,22,0,6
1976,ActiveCampaign,1007,1,1007.0,2,8,16,1,9
1977,ActiveCampaign,1668,11,151.64,2,4,2,3,1
1978,ActiveCampaign,1795,1,1795.0,5,9,30,3,2
1979,ActiveCampaign,1035,11,94.09,0,8,7,0,8
1981,ActiveCampaign,975,7,139.29,0,5,10,2,6
1982,ActiveCampaign,971,10,97.1,3,4,17,0,5
1983,ActiveCampaign,636,4,159.0,5,9,28,3,6
1984,ActiveCampaign,1138,6,189.67,2,7,13,0,7
1985,ActiveCampaign,1339,4,334.75,2,5,14,0,6
1986,ActiveCampaign,598,4,149.5,4,5,27,2,10
1988,ActiveCampaign,1642,10,164.2,3,9,13,0,9
1989,ActiveCampaign,1642,12,136.83,5,4,17,3,6
1990,ActiveCampaign,1259,9,139.89,0,7,4,2,1
1991,ActiveCampaign,595,7,85.0,1,7,17,3,5
1992,ActiveCampaign,883,2,441.5,1,9,4,1,8
1994,ActiveCampaign,1454,1,1454.0,1,5,21,1,1
1995,ActiveCampaign,1430,11,130.0,5,7,10,1,2
1996,ActiveCampaign,1605,3,535.0,0,6,9,2,6
1997,ActiveCampaign,1902,8,237.75,4,3,30,0,8
1998,ActiveCampaign,579,6,96.5,3,9,26,3,3
1999,ActiveCampaign,711,1,711.0,3,6,14,2,8
2000,ActiveCampaign,1968,9,218.67,1,10,23,0,6
2001,ActiveCampaign,423,1,423.0,2,4,8,3,8
2002,ActiveCampaign,1132,8,141.5,3,10,20,2,10
2003,ActiveCampaign,1544,12,128.67,5,6,24,1,3
2004,ActiveCampaign,755,10,75.5,3,10,7,3,2
2005,ActiveCampaign,1406,7,200.86,3,8,11,3,10
2006,ActiveCampaign,442,3,147.33,0,7,11,2,1
2007,ActiveCampaign,534,9,59.33,5,7,29,2,4
2008,ActiveCampaign,1346,12,112.17,4,5,13,3,7
2009,ActiveCampaign,1370,5,274.0,0,6,22,3,7
2010,ActiveCampaign,1197,5,239.4,4,9,27,3,10
2012,ActiveCampaign,1985,1,1985.0,4,10,17,3,4
2013,ActiveCampaign,1356,2,678.0,2,4,18,1,6
2014,ActiveCampaign,1396,1,1396.0,5,7,20,0,5
2015,ActiveCampaign,1817,5,363.4,2,10,9,1,8
2016,ActiveCampaign,309,8,38.62,1,8,10,2,6
2017,ActiveCampaign,1687,3,562.33,3,9,3,0,10
2018,ActiveCampaign,884,5,176.8,3,5,18,3,5
2019,ActiveCampaign,312,8,39.0,2,4,28,1,10
2020,ActiveCampaign,453,5,90.6,3,3,8,3,9
2021,ActiveCampaign,544,9,60.44,0,6,11,3,9
2024,ActiveCampaign,1425,10,142.5,5,4,22,0,9
2025,ActiveCampaign,1535,11,139.55,2,10,16,3,1
2026,ActiveCampaign,1673,8,209.12,2,3,4,1,10
2027,ActiveCampaign,1539,11,139.91,4,6,27,1,6
2028,ActiveCampaign,1006,8,125.75,4,10,23,2,7
2030,ActiveCampaign,1868,4,467.0,0,10,25,3,2
2031,ActiveCampaign,1262,7,180.29,1,9,14,3,9
2032,ActiveCampaign,1042,2,521.0,3,6,26,1,9
2033,ActiveCampaign,1003,4,250.75,4,4,8,0,4
2035,ActiveCampaign,491,12,40.92,3,5,10,3,5
2036,ActiveCampaign,255,10,25.5,2,9,13,2,5
2037,ActiveCampaign,1361,8,170.12,3,3,25,2,4
2038,ActiveCampaign,1007,5,201.4,2,6,27,2,10
2040,ActiveCampaign,1530,6,255.0,2,4,5,0,8
2041,ActiveCampaign,978,3,326.0,0,3,28,0,3
2042,ActiveCampaign,1969,9,218.78,4,6,29,2,9
2043,ActiveCampaign,534,9,59.33,0,3,26,1,1
2044,ActiveCampaign,927,4,231.75,3,8,1,2,6
2045,ActiveCampaign,1017,9,113.0,3,9,20,0,1
2046,ActiveCampaign,363,10,36.3,1,6,7,0,6
2047,ActiveCampaign,472,5,94.4,0,7,29,0,6
2049,ActiveCampaign,1505,8,188.12,2,7,23,1,8
2050,ActiveCampaign,1066,9,118.44,3,4,21,1,8
2051,ActiveCampaign,1119,12,93.25,4,6,26,1,4
2052,ActiveCampaign,689,6,114.83,3,7,29,1,1
2053,ActiveCampaign,391,9,43.44,2,7,26,2,8
2054,ActiveCampaign,1006,7,143.71,0,9,28,1,10
2055,ActiveCampaign,1922,12,160.17,2,3,24,3,5
2056,ActiveCampaign,333,1,333.0,1,4,18,2,2
2057,ActiveCampaign,1503,11,136.64,3,6,22,1,7
2058,ActiveCampaign,954,3,318.0,1,7,21,3,6
2059,ActiveCampaign,1635,6,272.5,2,9,24,0,3
2060,ActiveCampaign,1875,11,170.45,0,6,25,2,7
2061,ActiveCampaign,1131,11,102.82,1,9,9,2,1
2063,ActiveCampaign,355,10,35.5,4,5,23,0,5
2064,ActiveCampaign,1591,4,397.75,2,6,11,2,3
2065,ActiveCampaign,902,11,82.0,5,9,5,3,1
2067,ActiveCampaign,1216,12,101.33,4,4,27,1,9
2068,ActiveCampaign,781,12,65.08,3,8,28,0,4
2069,ActiveCampaign,1713,5,342.6,0,10,22,2,10
2071,ActiveCampaign,380,9,42.22,5,8,1,2,9
2072,ActiveCampaign,483,11,43.91,2,3,25,2,6
2073,ActiveCampaign,1774,5,354.8,3,8,3,1,1
2074,ActiveCampaign,1022,10,102.2,0,9,4,0,10
2075,ActiveCampaign,1802,12,150.17,2,10,7,3,3
2076,ActiveCampaign,872,4,218.0,0,6,4,2,9
2077,ActiveCampaign,758,7,108.29,2,6,25,2,5
2078,ActiveCampaign,1907,3,635.67,4,3,23,2,5
2079,ActiveCampaign,1577,1,1577.0,0,5,25,1,2
2081,ActiveCampaign,1377,6,229.5,0,10,18,3,4
2082,ActiveCampaign,230,6,38.33,5,6,19,0,1
2083,ActiveCampaign,691,5,138.2,5,6,6,1,7
2084,ActiveCampaign,491,1,491.0,2,8,25,2,6
2085,ActiveCampaign,1684,7,240.57,1,7,20,3,6
2086,ActiveCampaign,987,6,164.5,5,10,18,1,4
2087,ActiveCampaign,1417,4,354.25,4,7,7,0,1
2088,ActiveCampaign,1384,11,125.82,2,4,18,2,8
2089,ActiveCampaign,1320,8,165.0,4,5,26,0,10
2090,ActiveCampaign,896,8,112.0,1,6,20,3,9
2092,ActiveCampaign,606,1,606.0,5,4,18,3,6
2093,ActiveCampaign,1492,11,135.64,4,7,13,0,8
2094,ActiveCampaign,1743,5,348.6,2,9,6,2,7
2095,ActiveCampaign,1511,8,188.88,0,6,30,1,8
2096,ActiveCampaign,403,9,44.78,5,10,12,3,6
2097,ActiveCampaign,309,10,30.9,4,3,22,1,1
2098,Salesforce,1194,6,199.0,5,5,2,2,7
2099,Salesforce,1824,10,182.4,0,10,10,1,10
2100,Salesforce,242,11,22.0,3,7,30,2,8
2101,Salesforce,1213,4,303.25,4,5,2,1,5
2102,Salesforce,1488,5,297.6,2,3,22,3,4
2104,Salesforce,1501,2,750.5,4,10,3,0,2
2105,Salesforce,338,3,112.67,0,6,25,3,8
2106,Salesforce,568,10,56.8,5,4,24,3,10
2107,Salesforce,1849,11,168.09,2,5,29,3,2
2108,Salesforce,1507,7,215.29,3,9,9,3,2
2109,Salesforce,259,8,32.38,5,6,12,1,8
2110,Salesforce,899,7,128.43,2,5,23,0,9
2111,Salesforce,707,2,353.5,5,6,1,0,2
2112,Salesforce,1708,7,244.0,0,6,6,0,6
2114,Salesforce,524,10,52.4,0,3,27,3,5
2115,Salesforce,342,12,28.5,3,9,23,2,4
2116,Salesforce,277,9,30.78,3,3,26,2,3
2117,Salesforce,1339,11,121.73,1,4,13,3,3
2120,Salesforce,634,3,211.33,2,9,27,2,5
2121,Salesforce,1171,2,585.5,0,9,2,3,1
2122,Salesforce,1080,8,135.0,5,6,16,3,9
2123,Salesforce,1288,10,128.8,1,4,9,0,9
2127,Salesforce,441,1,441.0,0,10,6,0,9
2128,Salesforce,1553,5,310.6,3,3,24,0,2
2129,Salesforce,1134,1,1134.0,5,8,25,3,5
2130,Salesforce,1152,11,104.73,5,9,24,2,9
2131,Salesforce,1489,6,248.17,3,8,15,0,4
2132,Salesforce,1849,12,154.08,1,9,21,3,6
2136,Salesforce,1496,10,149.6,5,7,25,3,10
2137,Salesforce,370,1,370.0,4,6,24,3,9
2138,Salesforce,778,9,86.44,5,9,11,1,4
2140,Salesforce,1778,1,1778.0,4,3,10,2,4
2141,Salesforce,596,5,119.2,1,3,9,1,1
2143,Salesforce,1812,8,226.5,0,3,1,1,7
2144,Salesforce,1775,8,221.88,2,8,9,3,6
2145,Salesforce,614,12,51.17,4,9,26,2,2
2146,Salesforce,1069,4,267.25,4,5,11,0,2
2147,Salesforce,1164,3,388.0,5,6,2,1,6
2148,Salesforce,1238,3,412.67,0,10,26,1,7
2149,Salesforce,661,11,60.09,1,3,18,0,5
2150,Salesforce,1333,11,121.18,5,3,18,3,2
2152,Salesforce,419,3,139.67,2,3,10,2,4
2153,Salesforce,323,7,46.14,2,10,30,3,3
2154,Salesforce,389,2,194.5,1,10,4,3,9
2155,Salesforce,416,1,416.0,4,4,28,3,7
2157,Salesforce,1078,4,269.5,2,5,3,2,3
2158,Salesforce,1056,8,132.0,1,10,4,0,1
2160,Salesforce,1125,1,1125.0,3,9,17,3,5
2161,Salesforce,1058,12,88.17,2,4,10,3,4
2162,Salesforce,916,10,91.6,2,9,18,2,4
2163,Salesforce,1502,8,187.75,2,5,11,1,6
2164,Salesforce,1140,8,142.5,3,10,23,3,4
2165,Salesforce,1593,10,159.3,2,4,13,3,1
2166,Salesforce,659,12,54.92,1,6,22,3,1
2167,Salesforce,404,5,80.8,5,3,29,2,1
2168,Salesforce,1590,8,198.75,5,4,12,0,10
2169,Salesforce,1449,7,207.0,5,6,5,1,1
2170,Salesforce,1532,5,306.4,3,10,5,2,10
2171,Salesforce,1057,2,528.5,5,4,12,2,4
2172,Salesforce,671,9,74.56,2,4,13,1,10
2173,Salesforce,1599,1,1599.0,3,5,18,0,6
2174,Salesforce,1673,12,139.42,5,9,13,0,4
2175,Salesforce,254,10,25.4,4,3,12,0,9
2176,Salesforce,641,5,128.2,1,7,27,1,7
2177,Salesforce,711,6,118.5,3,3,23,3,8
2178,Salesforce,1460,11,132.73,1,7,16,1,5
2179,Salesforce,1636,5,327.2,0,9,15,3,3
2180,Salesforce,393,9,43.67,3,7,8,0,10
2181,Salesforce,1033,5,206.6,3,7,5,1,3
2182,Salesforce,1000,9,111.11,1,7,17,3,1
2183,Salesforce,1437,12,119.75,5,5,19,2,2
2184,Salesforce,1061,11,96.45,1,3,18,2,6
2185,Salesforce,742,9,82.44,1,9,5,3,8
2186,Salesforce,621,4,155.25,0,5,11,0,3
2187,Salesforce,1572,9,174.67,3,9,13,1,5
2188,Salesforce,214,5,42.8,0,10,28,2,5
2189,Salesforce,1157,7,165.29,2,5,28,1,5
2190,Salesforce,1021,10,102.1,3,8,25,0,7
2191,Salesforce,1413,3,471.0,0,10,12,0,8
2192,Salesforce,413,4,103.25,2,5,21,2,6
2193,Salesforce,733,11,66.64,3,3,23,2,1
2194,Salesforce,1481,1,1481.0,2,10,9,2,9
2196,Salesforce,289,8,36.12,3,9,10,3,9
2198,Salesforce,810,2,405.0,1,6,4,1,8
2199,Salesforce,1092,1,1092.0,3,6,7,2,10
2200,Salesforce,786,9,87.33,1,5,30,2,6
2202,Salesforce,459,5,91.8,4,4,13,0,4
2203,Salesforce,946,4,236.5,2,4,16,3,6
2204,Salesforce,837,7,119.57,0,7,4,0,10
2205,Salesforce,1543,2,771.5,0,4,10,3,4
2206,Salesforce,1363,11,123.91,5,4,21,1,10
2207,Salesforce,1237,11,112.45,1,8,17,2,5
2208,Salesforce,1346,12,112.17,0,4,5,3,8
2209,Salesforce,350,3,116.67,3,10,23,0,6
2210,Salesforce,988,11,89.82,4,8,7,0,10
2211,Salesforce,396,11,36.0,3,7,9,3,10
2213,Salesforce,716,1,716.0,4,3,22,1,1
2218,Salesforce,1824,9,202.67,4,5,6,0,7
2219,Salesforce,735,2,367.5,4,9,11,2,1
2220,Salesforce,516,12,43.0,4,6,15,3,5
2221,Salesforce,859,3,286.33,3,8,18,3,3
2222,Salesforce,1274,1,1274.0,1,6,18,3,6
2223,Salesforce,1059,3,353.0,3,3,1,0,6
2224,Salesforce,1387,9,154.11,0,4,28,0,1
2225,Salesforce,1631,4,407.75,0,3,11,1,8
2226,Salesforce,1301,3,433.67,4,9,28,3,3
2227,Salesforce,1809,12,150.75,5,5,2,1,1
2228,Salesforce,1130,2,565.0,0,4,29,3,10
2230,Salesforce,1711,3,570.33,1,6,28,3,7
2231,Salesforce,1526,7,218.0,1,4,12,2,2
2232,Salesforce,913,12,76.08,0,3,15,0,3
2234,Salesforce,1130,12,94.17,1,5,27,2,3
2235,Salesforce,1556,9,172.89,3,6,11,1,5
2236,Salesforce,1395,3,465.0,5,9,7,3,5
2237,Salesforce,1461,6,243.5,2,4,2,1,4
2238,Salesforce,691,6,115.17,2,8,15,1,9
2239,Salesforce,1530,4,382.5,2,9,21,1,9
2240,Salesforce,1871,10,187.1,0,9,3,0,6
2241,Salesforce,857,9,95.22,3,8,7,0,3
2242,Salesforce,1402,7,200.29,0,7,24,0,10
2243,Salesforce,809,2,404.5,3,10,19,2,3
2244,Salesforce,1535,1,1535.0,1,10,20,0,5
2245,Salesforce,872,5,174.4,4,4,26,0,9
2246,Salesforce,1461,2,730.5,3,5,17,2,6
2247,Salesforce,1803,9,200.33,2,10,9,2,1
2248,Salesforce,1923,1,1923.0,4,5,14,1,9
2249,Salesforce,1797,9,199.67,3,8,24,0,8
2250,Salesforce,1545,3,515.0,0,3,18,0,6
2252,Salesforce,1135,1,1135.0,0,10,10,1,6
2253,Salesforce,1114,6,185.67,5,5,22,1,6
2254,Salesforce,904,12,75.33,2,9,17,0,9
2255,Salesforce,749,7,107.0,4,3,1,0,6
2256,Salesforce,1622,11,147.45,4,4,5,1,7
2257,Salesforce,1955,3,651.67,2,5,10,2,8
2258,Salesforce,1589,1,1589.0,0,5,30,2,2
2259,Salesforce,1371,12,114.25,0,9,29,3,3
2260,Salesforce,831,12,69.25,2,9,2,2,8
2261,Salesforce,1611,8,201.38,1,7,18,3,8
2262,Salesforce,791,8,98.88,3,6,29,0,9
2264,Salesforce,635,6,105.83,3,5,22,0,10
2265,Salesforce,393,11,35.73,0,3,23,3,4
2266,Salesforce,746,11,67.82,3,7,21,0,9
2268,Salesforce,229,5,45.8,1,3,22,1,3
2269,Salesforce,598,1,598.0,2,10,29,2,8
2270,Salesforce,710,4,177.5,3,5,30,3,7
2271,Salesforce,904,8,113.0,2,8,12,1,6
2272,Salesforce,1242,7,177.43,4,8,13,2,1
2273,Salesforce,1684,7,240.57,3,7,17,3,9
2274,Salesforce,543,11,49.36,3,7,28,3,2
2275,Salesforce,659,1,659.0,0,3,6,2,6
2276,Salesforce,734,7,104.86,5,7,11,1,4
2277,Salesforce,785,8,98.12,4,8,5,2,9
2278,Salesforce,786,5,157.2,3,3,10,0,5
2279,Salesforce,961,1,961.0,2,9,7,1,8
2280,Salesforce,282,7,40.29,4,8,21,0,2
2281,Salesforce,1270,2,635.0,4,9,21,0,4
2282,Salesforce,1295,11,117.73,3,8,21,2,6
2283,Salesforce,1354,5,270.8,1,5,19,0,4
2284,Salesforce,704,11,64.0,1,7,3,3,8
2285,Salesforce,1672,2,836.0,0,3,28,0,7
2286,Salesforce,1104,12,92.0,3,7,27,1,7
2287,Salesforce,305,5,61.0,4,3,28,2,10
2288,Salesforce,517,8,64.62,0,7,8,3,10
2289,Salesforce,1776,5,355.2,3,7,20,1,5
2290,Salesforce,1788,8,223.5,3,6,23,3,2
2291,Salesforce,1000,11,90.91,5,4,23,3,8
2292,Salesforce,984,5,196.8,5,8,17,0,9
2293,Salesforce,799,4,199.75,0,9,21,2,3
2294,Salesforce,1686,2,843.0,5,10,27,0,1
2295,Salesforce,1960,6,326.67,1,4,5,3,1
2296,Salesforce,958,6,159.67,5,10,10,0,3
2297,Salesforce,1486,9,165.11,2,8,20,2,9
2299,Salesforce,1761,8,220.12,3,8,12,0,3
2300,Salesforce,1051,9,116.78,0,6,2,3,9
2301,Salesforce,695,8,86.88,1,4,26,1,6
2302,Salesforce,1390,5,278.0,0,5,24,1,5
2303,Salesforce,871,10,87.1,5,5,7,1,6
2304,Salesforce,1619,9,179.89,0,5,10,2,6
2305,Salesforce,1913,8,239.12,0,4,25,3,3
2306,Salesforce,1860,12,155.0,3,7,25,1,6
2307,Salesforce,410,5,82.0,4,5,17,3,4
2308,Salesforce,474,8,59.25,5,3,5,1,2
2309,Salesforce,1151,5,230.2,5,3,5,0,1
2310,Salesforce,978,1,978.0,5,10,13,1,5
2311,Salesforce,760,4,190.0,1,7,22,3,1
2312,Salesforce,571,11,51.91,5,9,7,1,6
2313,Salesforce,1015,5,203.0,0,9,21,1,10
2314,Salesforce,1848,9,205.33,5,10,2,1,6
2315,Salesforce,508,2,254.0,2,4,9,1,6
2316,Salesforce,1949,2,974.5,3,5,21,1,7
2317,Salesforce,1239,6,206.5,0,7,24,2,9
2318,Salesforce,944,3,314.67,3,3,21,1,4
2319,Salesforce,883,5,176.6,5,10,5,1,5
2320,Salesforce,272,6,45.33,5,8,26,1,1
2321,Salesforce,1764,7,252.0,0,4,8,0,1
2322,Salesforce,745,6,124.17,5,5,16,2,3
2323,Salesforce,602,5,120.4,0,10,2,2,7
2324,Salesforce,1351,11,122.82,1,6,11,2,6
2327,Salesforce,1022,4,255.5,4,8,19,0,9
2328,Salesforce,1777,3,592.33,4,7,29,1,10
2329,Salesforce,1354,8,169.25,2,9,19,0,1
2330,Salesforce,1990,6,331.67,5,8,16,1,4
2331,Salesforce,1274,1,1274.0,3,5,13,3,1
2332,Salesforce,1383,11,125.73,2,3,10,2,8
2333,Salesforce,958,1,958.0,0,10,26,2,1
2334,Salesforce,882,7,126.0,5,9,12,2,9
2335,Salesforce,1419,10,141.9,5,3,21,3,6
2336,Salesforce,1295,7,185.0,4,10,28,1,3
2338,Salesforce,613,3,204.33,2,5,2,2,4
2341,Salesforce,237,1,237.0,3,6,23,0,10
2342,Salesforce,415,1,415.0,3,10,27,0,4
2343,Salesforce,981,4,245.25,2,4,25,0,5
2345,Salesforce,1671,3,557.0,0,5,18,3,2
2346,Salesforce,473,3,157.67,1,5,18,3,2
2348,Salesforce,752,1,752.0,5,5,21,2,6
2349,Salesforce,810,3,270.0,1,7,24,1,3
2350,Salesforce,788,4,197.0,0,5,8,1,1
2351,Salesforce,230,1,230.0,0,6,5,3,9
2352,Salesforce,1436,3,478.67,4,5,9,1,6
2353,Salesforce,325,11,29.55,4,10,19,0,4
2355,Salesforce,887,4,221.75,1,8,13,0,8
2356,Salesforce,1041,3,347.0,4,7,29,2,7
2357,Salesforce,1705,8,213.12,3,7,2,3,8
2358,Salesforce,1387,6,231.17,1,9,3,2,1
2359,Salesforce,1330,4,332.5,0,10,2,0,7
2363,Salesforce,703,4,175.75,3,3,5,3,4
2364,Salesforce,449,12,37.42,2,9,16,1,7
2365,Salesforce,341,8,42.62,5,6,14,1,10
2366,Salesforce,498,5,99.6,2,10,23,3,8
2367,Salesforce,600,9,66.67,5,5,23,2,4
2368,Salesforce,1229,3,409.67,0,7,14,1,10
2370,Salesforce,527,3,175.67,1,5,17,1,4
2371,Salesforce,1269,12,105.75,0,6,17,2,3
2372,Salesforce,1678,3,559.33,1,8,20,0,7
2373,Salesforce,496,8,62.0,5,3,25,2,1
2374,Salesforce,1997,12,166.42,5,4,9,2,2
2375,Salesforce,551,5,110.2,2,5,6,1,5
2376,Salesforce,1860,6,310.0,3,10,22,0,9
2377,Salesforce,1562,11,142.0,4,6,19,1,6
2378,Salesforce,270,5,54.0,3,5,23,1,4
2379,Salesforce,1516,8,189.5,2,4,12,1,6
2380,Salesforce,1332,12,111.0,1,6,23,3,9
2381,Salesforce,1518,10,151.8,2,4,24,0,6
2382,Salesforce,696,1,696.0,4,7,11,3,6
2383,Salesforce,1368,6,228.0,0,5,12,3,3
2384,Salesforce,660,3,220.0,5,6,1,0,8
2385,Salesforce,209,9,23.22,3,4,18,3,10
2386,Salesforce,1865,5,373.0,4,7,13,3,5
2387,Salesforce,1155,12,96.25,5,8,6,0,5
2388,Salesforce,1321,4,330.25,5,8,21,3,6
2389,Salesforce,284,9,31.56,5,9,19,1,3
2390,Salesforce,1138,11,103.45,0,5,11,1,6
2391,Salesforce,1844,11,167.64,5,7,29,0,2
2392,Salesforce,1727,11,157.0,0,8,12,3,3
2393,Salesforce,1538,5,307.6,0,5,14,3,8
2394,Salesforce,1061,11,96.45,4,3,26,2,1
2396,Salesforce,1713,6,285.5,4,9,10,3,1
2397,Salesforce,708,4,177.0,3,7,6,2,6
2398,Salesforce,1755,4,438.75,5,5,1,3,6
2399,Salesforce,754,12,62.83,5,6,5,3,2
2400,Salesforce,804,4,201.0,2,3,23,1,8
2401,Salesforce,345,6,57.5,1,7,7,0,1
2402,Salesforce,1446,2,723.0,2,9,18,1,1
2403,Salesforce,1467,12,122.25,2,6,24,0,3
2404,Salesforce,534,6,89.0,1,9,9,3,5
2405,Salesforce,1097,9,121.89,3,3,14,3,7
2406,Salesforce,794,5,158.8,1,9,21,1,1
2407,Salesforce,1155,11,105.0,5,3,15,0,1
2408,Salesforce,1698,2,849.0,5,3,4,1,5
2409,Salesforce,1918,5,383.6,4,3,12,3,10
2410,Salesforce,1511,5,302.2,1,4,4,3,5
2411,Salesforce,1667,10,166.7,5,3,1,2,5
2412,Salesforce,1396,2,698.0,0,3,15,1,4
2413,Salesforce,1608,2,804.0,5,7,30,1,1
2414,Salesforce,780,10,78.0,4,6,1,3,5
2416,Salesforce,315,5,63.0,0,5,3,0,8
2418,Salesforce,282,11,25.64,2,6,3,0,6
2419,Salesforce,958,1,958.0,1,4,12,3,9
2420,Salesforce,848,1,848.0,3,9,1,3,8
2421,Salesforce,1858,6,309.67,5,4,9,0,5
2422,Salesforce,1269,4,317.25,2,4,11,3,1
2423,Salesforce,1360,6,226.67,0,7,24,1,8
2424,Salesforce,1171,1,1171.0,5,5,3,2,4
2425,Salesforce,1305,7,186.43,0,4,11,0,2
2426,Salesforce,362,12,30.17,3,5,28,3,2
2427,Salesforce,724,4,181.0,2,6,9,0,1
2428,Salesforce,1004,2,502.0,5,9,11,0,5
2429,Salesforce,1628,8,203.5,1,8,12,1,2
2430,Salesforce,1939,12,161.58,0,10,7,3,2
2431,Salesforce,582,3,194.0,0,10,5,2,1
2432,Salesforce,1317,11,119.73,2,8,27,1,5
2433,Salesforce,240,9,26.67,4,9,24,0,10
2434,Salesforce,1077,11,97.91,4,5,11,1,4
2435,Salesforce,1034,1,1034.0,0,3,30,1,2
2436,Salesforce,1906,10,190.6,0,7,25,0,1
2437,Salesforce,1861,10,186.1,4,4,6,3,2
2438,Salesforce,1820,10,182.0,1,5,17,3,5
2439,Salesforce,1701,2,850.5,2,7,20,1,6
2440,Salesforce,742,11,67.45,1,7,23,2,1
2441,Salesforce,504,7,72.0,3,7,21,1,8
2442,Freshworks CRM,697,9,77.44,5,9,21,3,7
2445,Freshworks CRM,770,9,85.56,0,4,2,2,2
2446,Freshworks CRM,1768,3,589.33,4,5,23,3,3
2447,Freshworks CRM,1877,5,375.4,1,3,24,3,8
2448,Freshworks CRM,1164,8,145.5,4,6,22,3,8
2449,Freshworks CRM,1139,9,126.56,0,3,16,0,9
2450,Freshworks CRM,1615,3,538.33,2,3,17,1,6
2452,Freshworks CRM,370,12,30.83,5,6,7,0,6
2453,Freshworks CRM,1130,10,113.0,1,3,18,1,4
2454,Freshworks CRM,1820,7,260.0,3,4,27,3,3
2455,Freshworks CRM,233,2,116.5,3,5,19,2,2
2456,Freshworks CRM,1591,3,530.33,3,9,2,3,10
2457,Freshworks CRM,1066,2,533.0,0,3,18,2,1
2458,Freshworks CRM,1579,4,394.75,4,3,24,1,8
2460,Freshworks CRM,1000,8,125.0,1,9,1,3,4
2461,Freshworks CRM,1847,4,461.75,1,8,2,3,7
2462,Freshworks CRM,1638,7,234.0,5,10,14,0,6
2463,Freshworks CRM,925,1,925.0,4,3,21,0,6
2464,Freshworks CRM,1902,1,1902.0,5,3,18,1,1
2465,Freshworks CRM,1052,11,95.64,4,5,12,0,10
2466,Freshworks CRM,1759,9,195.44,0,8,12,3,5
2467,Freshworks CRM,838,2,419.0,4,7,25,0,3
2468,Freshworks CRM,735,4,183.75,3,4,13,0,6
2469,Freshworks CRM,226,12,18.83,1,3,15,3,2
2470,Freshworks CRM,1390,2,695.0,5,4,24,2,10
2471,Freshworks CRM,1996,9,221.78,1,9,16,2,10
2472,Freshworks CRM,229,4,57.25,1,4,15,3,5
2473,Freshworks CRM,1354,12,112.83,0,4,25,3,7
2474,Freshworks CRM,1098,6,183.0,2,3,23,0,5
2476,Freshworks CRM,585,8,73.12,2,6,24,0,6
2477,Freshworks CRM,1876,8,234.5,2,5,29,1,10
2479,Freshworks CRM,859,1,859.0,5,6,27,3,1
2480,Freshworks CRM,605,10,60.5,0,6,14,3,5
2481,Freshworks CRM,1337,7,191.0,3,8,29,3,8
2483,Freshworks CRM,952,4,238.0,2,4,29,2,4
2484,Freshworks CRM,729,11,66.27,5,10,10,1,10
2485,Freshworks CRM,479,8,59.88,0,4,6,0,8
2486,Freshworks CRM,1317,1,1317.0,5,3,7,3,9
2487,Freshworks CRM,382,1,382.0,0,3,8,1,1
2488,Freshworks CRM,1229,3,409.67,1,7,30,0,7
2489,Freshworks CRM,219,10,21.9,5,3,19,3,6
2490,Freshworks CRM,1201,12,100.08,4,8,4,3,7
2492,Freshworks CRM,372,10,37.2,0,10,29,3,5
2493,Freshworks CRM,839,5,167.8,4,3,9,1,10
2494,Freshworks CRM,791,12,65.92,5,9,23,0,7
2496,Freshworks CRM,1524,3,508.0,1,5,15,3,3
2498,Freshworks CRM,1083,2,541.5,0,8,9,0,3
2500,Freshworks CRM,1683,7,240.43,0,5,17,2,7
2501,Freshworks CRM,928,12,77.33,2,5,29,0,9
2502,Freshworks CRM,1403,6,233.83,3,9,29,2,10
2504,Freshworks CRM,1379,4,344.75,1,10,9,2,4
2505,Freshworks CRM,1995,10,199.5,0,3,6,1,9
2506,Freshworks CRM,802,9,89.11,3,9,3,2,5
2507,Freshworks CRM,722,4,180.5,5,6,22,3,4
2509,Freshworks CRM,973,11,88.45,5,3,20,0,9
2510,Freshworks CRM,874,8,109.25,2,6,25,3,10
2511,Freshworks CRM,826,8,103.25,3,6,4,1,5
2512,Freshworks CRM,568,12,47.33,4,3,1,1,5
2513,Freshworks CRM,1415,3,471.67,5,10,18,2,3
2514,Freshworks CRM,1934,4,483.5,2,9,24,0,6
2515,Freshworks CRM,342,3,114.0,0,9,16,3,1
2518,Freshworks CRM,1880,9,208.89,4,9,2,0,1
2520,Freshworks CRM,974,7,139.14,2,10,17,1,5
2521,Freshworks CRM,465,12,38.75,2,9,12,1,10
2522,Freshworks CRM,647,9,71.89,2,7,23,0,5
2523,Freshworks CRM,1678,5,335.6,5,8,1,1,10
2524,Freshworks CRM,1327,7,189.57,1,6,24,2,7
2525,Freshworks CRM,998,10,99.8,0,4,9,2,10
2526,Freshworks CRM,1287,7,183.86,0,5,20,3,6
2527,Freshworks CRM,661,3,220.33,5,6,28,0,6
2528,Freshworks CRM,1557,4,389.25,0,10,1,3,10
2530,Freshworks CRM,1834,2,917.0,4,3,26,2,9
2531,Freshworks CRM,1625,8,203.12,4,9,1,0,6
2532,Freshworks CRM,327,9,36.33,5,6,30,1,5
2533,Freshworks CRM,1857,6,309.5,0,5,20,1,10
2534,Freshworks CRM,1522,12,126.83,2,8,9,0,9
2536,Freshworks CRM,627,4,156.75,3,4,10,3,5
2538,Freshworks CRM,496,6,82.67,0,10,26,2,4
2539,Freshworks CRM,1277,3,425.67,0,6,20,2,1
2540,Freshworks CRM,1531,12,127.58,0,10,17,3,8
2541,Freshworks CRM,1114,6,185.67,2,3,2,2,4
2542,Freshworks CRM,1735,6,289.17,3,9,23,0,4
2543,Freshworks CRM,1003,8,125.38,1,6,13,0,5
2544,Freshworks CRM,570,5,114.0,3,7,3,2,2
2545,Freshworks CRM,1901,7,271.57,5,6,5,2,7
2546,Freshworks CRM,1051,12,87.58,0,7,17,1,5
2547,Freshworks CRM,1536,4,384.0,3,7,18,2,2
2548,Freshworks CRM,1108,9,123.11,1,10,22,2,8
2549,Freshworks CRM,1170,4,292.5,0,9,3,2,7
2550,Freshworks CRM,260,2,130.0,3,7,25,0,10
2551,Freshworks CRM,973,5,194.6,0,3,2,1,6
2552,Freshworks CRM,1044,11,94.91,4,6,29,2,10
2553,Freshworks CRM,1540,7,220.0,1,10,17,1,9
2554,Freshworks CRM,1170,8,146.25,3,9,11,2,1
2555,Freshworks CRM,474,4,118.5,2,10,25,0,5
2556,Freshworks CRM,905,2,452.5,1,10,9,0,3
2557,Freshworks CRM,1288,11,117.09,1,9,27,2,7
2558,Freshworks CRM,900,3,300.0,4,6,30,3,8
2559,Freshworks CRM,941,7,134.43,1,10,12,2,6
2560,Freshworks CRM,1580,5,316.0,0,6,25,2,10
2562,Freshworks CRM,1498,9,166.44,4,6,20,3,6
2563,Freshworks CRM,1470,6,245.0,2,6,13,2,3
2564,Freshworks CRM,571,11,51.91,0,7,15,0,6
2565,Freshworks CRM,726,5,145.2,3,9,12,1,10
2566,Freshworks CRM,1554,12,129.5,0,4,18,3,7
2567,Freshworks CRM,1782,12,148.5,4,5,27,3,1
2568,Freshworks CRM,758,4,189.5,4,8,29,1,9
2569,Freshworks CRM,1123,2,561.5,2,6,9,2,4
2570,Freshworks CRM,250,3,83.33,4,10,29,1,9
2572,Freshworks CRM,851,5,170.2,2,5,26,2,1
2573,Freshworks CRM,519,10,51.9,2,3,10,3,9
2574,Freshworks CRM,1275,7,182.14,5,3,18,3,7
2575,Freshworks CRM,608,5,121.6,5,5,16,1,5
2576,Freshworks CRM,1099,8,137.38,0,4,12,3,9
2579,Freshworks CRM,1134,4,283.5,3,4,11,3,2
2580,Freshworks CRM,1918,7,274.0,1,4,24,3,4
2581,Freshworks CRM,974,8,121.75,0,6,24,3,4
2582,Freshworks CRM,329,5,65.8,0,6,29,0,10
2583,Monday.com,1614,2,807.0,3,9,14,0,7
2584,Monday.com,547,5,109.4,5,9,20,3,8
2585,Monday.com,1005,3,335.0,5,4,17,1,3
2588,Monday.com,839,8,104.88,4,5,5,2,8
2589,Monday.com,1029,11,93.55,4,9,15,0,8
2590,Monday.com,409,7,58.43,3,4,21,2,9
2591,Monday.com,1563,10,156.3,2,10,20,1,6
2592,Monday.com,1134,9,126.0,2,5,7,2,3
2593,Monday.com,1423,9,158.11,0,3,26,1,5
2594,Monday.com,1753,2,876.5,1,10,8,2,6
2596,Monday.com,751,3,250.33,2,10,27,0,2
2597,Monday.com,908,6,151.33,4,5,28,1,2
2598,Monday.com,1341,2,670.5,4,8,3,3,2
2599,Monday.com,1801,10,180.1,0,10,27,0,7
2600,Monday.com,1134,8,141.75,5,9,22,1,2
2601,Monday.com,629,2,314.5,3,7,11,1,9
2603,Monday.com,602,4,150.5,3,7,6,2,6
2604,Monday.com,216,4,54.0,2,6,8,1,2
2605,Monday.com,267,2,133.5,1,8,10,3,8
2606,Monday.com,870,10,87.0,0,7,19,2,10
2607,Monday.com,1762,8,220.25,3,3,8,0,8
2608,Monday.com,203,6,33.83,3,5,12,1,3
2609,Monday.com,284,2,142.0,2,6,11,2,6
2610,Monday.com,995,4,248.75,3,10,20,1,7
2611,Monday.com,1225,7,175.0,1,9,21,2,5
2612,Monday.com,1673,5,334.6,4,4,1,3,4
2613,Monday.com,1739,3,579.67,3,10,25,1,10
2614,Monday.com,485,11,44.09,0,9,27,0,5
2615,Monday.com,487,10,48.7,2,5,20,1,2
2616,Monday.com,383,10,38.3,1,7,15,2,4
2617,Monday.com,1515,11,137.73,2,3,14,3,9
2618,Monday.com,547,1,547.0,4,6,17,3,3
2619,Monday.com,1991,2,995.5,0,5,30,0,4
2620,Monday.com,1247,3,415.67,5,6,19,0,2
2621,Monday.com,955,1,955.0,5,8,20,2,5
2622,Monday.com,1203,7,171.86,0,9,18,0,7
2623,Monday.com,1250,1,1250.0,1,3,10,0,1
2624,Monday.com,1970,6,328.33,5,7,28,3,9
2625,Monday.com,234,2,117.0,5,6,4,2,4
2626,Monday.com,692,7,98.86,0,8,16,2,4
2627,Monday.com,580,2,290.0,5,4,4,2,5
2628,Monday.com,1376,6,229.33,4,5,19,0,8
2629,Monday.com,1419,12,118.25,0,9,27,0,10
2630,Monday.com,1970,2,985.0,1,9,10,0,8
2632,Monday.com,1517,7,216.71,2,5,1,2,10
2633,Monday.com,819,9,91.0,5,6,26,3,1
2634,Monday.com,1367,1,1367.0,0,9,27,0,2
2635,Monday.com,1748,2,874.0,2,6,24,3,1
2636,Monday.com,1478,7,211.14,2,6,20,2,6
2637,Monday.com,1493,4,373.25,5,7,29,3,4
2638,Monday.com,458,1,458.0,0,9,2,0,6
2639,Monday.com,602,6,100.33,1,3,12,1,3
2641,Monday.com,1826,6,304.33,3,5,30,2,9
2642,Monday.com,1319,12,109.92,4,3,28,2,10
2643,Monday.com,1214,1,1214.0,2,9,9,2,6
2644,Monday.com,929,2,464.5,5,9,19,1,3
2645,Monday.com,1669,5,333.8,0,8,29,3,5
2646,Monday.com,404,2,202.0,5,6,12,1,10
2647,Monday.com,401,11,36.45,0,6,17,0,7
2648,Monday.com,1867,7,266.71,3,10,22,0,10
2649,Monday.com,1976,11,179.64,2,5,3,2,9
2650,Monday.com,1941,7,277.29,4,3,9,1,10
2651,Monday.com,733,3,244.33,4,3,2,1,6
2652,Monday.com,1784,9,198.22,5,8,16,1,10
2653,Monday.com,1664,9,184.89,0,6,16,0,4
2654,Monday.com,1126,8,140.75,1,4,5,0,6
2655,Monday.com,1330,9,147.78,3,7,17,2,4
2656,Monday.com,1617,1,1617.0,3,7,17,3,9
2657,Monday.com,359,4,89.75,2,3,24,2,2
2658,Monday.com,760,1,760.0,2,3,24,0,9
2659,Monday.com,406,4,101.5,5,9,3,3,1
2660,Monday.com,204,1,204.0,2,8,10,0,3
2661,Monday.com,1596,4,399.0,5,7,17,0,1
2662,Monday.com,1991,12,165.92,4,7,22,2,3
2663,Monday.com,851,6,141.83,1,9,5,2,6
2664,Monday.com,1083,2,541.5,2,7,4,1,10
2665,Monday.com,1310,8,163.75,0,4,30,0,10
2666,Monday.com,590,11,53.64,1,4,11,1,10
2667,Monday.com,723,2,361.5,3,9,4,0,2
2668,Monday.com,1942,5,388.4,4,6,6,2,1
2669,Monday.com,1426,7,203.71,5,8,30,1,7
2670,Monday.com,1865,2,932.5,1,4,13,3,10
2671,Monday.com,811,9,90.11,0,3,1,0,2
2672,Monday.com,537,12,44.75,1,6,23,0,2
2673,Monday.com,1059,8,132.38,4,9,11,2,7
2675,Monday.com,1532,8,191.5,1,5,8,1,7
2677,Monday.com,1234,5,246.8,0,7,8,2,5
2678,Monday.com,1005,3,335.0,1,3,24,3,5
2681,Monday.com,1556,10,155.6,5,3,11,1,9
2682,Monday.com,1580,12,131.67,4,3,11,2,1
2683,Monday.com,1459,12,121.58,2,5,17,0,7
2684,Monday.com,1312,4,328.0,3,5,11,3,8
